merchant_id,merchant_name,category,city,status,merchant_size,created_at
M000001,Groceries Merchant 00001,Groceries,Surabaya,ACTIVE,MEDIUM,2024-05-17 19:33:33
M000002,Retail Merchant 00002,Retail,Yogyakarta,ACTIVE,SMALL,2023-06-22 18:17:37
M000003,Food & Beverage Merchant 00003,Food & Beverage,Tangerang,ACTIVE,LARGE,2025-04-12 07:54:24
M000004,Groceries Merchant 00004,Groceries,Medan,ACTIVE,SMALL,2025-01-08 20:36:41
M000005,Retail Merchant 00005,Retail,Semarang,ACTIVE,MEDIUM,2026-05-02 00:47:12
M000006,Retail Merchant 00006,Retail,Semarang,ACTIVE,SMALL,2025-10-30 08:10:58
M000007,Food & Beverage Merchant 00007,Food & Beverage,Medan,ACTIVE,SMALL,2023-07-19 07:07:39
M000008,Fashion Merchant 00008,Fashion,Denpasar,ACTIVE,SMALL,2024-09-15 08:36:13
M000009,Travel Merchant 00009,Travel,Medan,ACTIVE,SMALL,2025-10-28 05:54:49
M000010,Groceries Merchant 00010,Groceries,Semarang,ACTIVE,SMALL,2023-01-09 11:15:34
M000011,Entertainment Merchant 00011,Entertainment,Tangerang,ACTIVE,SMALL,2022-06-07 14:11:23
M000012,Electronics Merchant 00012,Electronics,Yogyakarta,ACTIVE,SMALL,2024-02-02 09:10:11
M000013,Education Merchant 00013,Education,Surabaya,ACTIVE,SMALL,2023-10-25 05:08:32
M000014,Retail Merchant 00014,Retail,Denpasar,ACTIVE,SMALL,2023-12-13 14:23:18
M000015,Healthcare Merchant 00015,Healthcare,Medan,ACTIVE,SMALL,2024-11-15 22:19:07
M000016,Fashion Merchant 00016,Fashion,Medan,ACTIVE,SMALL,2023-11-09 14:08:47
M000017,Fashion Merchant 00017,Fashion,Denpasar,ACTIVE,MEDIUM,2024-07-13 10:55:25
M000018,Transportation Merchant 00018,Transportation,Jakarta,ACTIVE,SMALL,2025-09-03 09:46:41
M000019,Healthcare Merchant 00019,Healthcare,Palembang,ACTIVE,MEDIUM,2025-09-11 17:17:16
M000020,Electronics Merchant 00020,Electronics,Surabaya,ACTIVE,SMALL,2025-01-11 04:06:18
M000021,Education Merchant 00021,Education,Makassar,ACTIVE,MEDIUM,2025-11-11 15:35:17
M000022,Education Merchant 00022,Education,Tangerang,ACTIVE,SMALL,2024-07-21 03:22:12
M000023,Healthcare Merchant 00023,Healthcare,Palembang,INACTIVE,SMALL,2022-07-30 17:56:48
M000024,Transportation Merchant 00024,Transportation,Jakarta,ACTIVE,SMALL,2026-03-01 07:12:09
M000025,Fashion Merchant 00025,Fashion,Palembang,ACTIVE,SMALL,2024-01-31 16:52:10
M000026,Electronics Merchant 00026,Electronics,Bandung,ACTIVE,MEDIUM,2024-09-23 08:50:49
M000027,Entertainment Merchant 00027,Entertainment,Surabaya,ACTIVE,MEDIUM,2024-04-13 16:25:55
M000028,Transportation Merchant 00028,Transportation,Yogyakarta,ACTIVE,MEDIUM,2026-06-17 01:32:34
M000029,Fashion Merchant 00029,Fashion,Yogyakarta,ACTIVE,MEDIUM,2026-07-12 06:34:21
M000030,Travel Merchant 00030,Travel,Jakarta,ACTIVE,SMALL,2022-12-22 14:42:12
M000031,Healthcare Merchant 00031,Healthcare,Jakarta,ACTIVE,SMALL,2025-11-30 02:59:58
M000032,Education Merchant 00032,Education,Bandung,ACTIVE,SMALL,2024-09-11 09:36:18
M000033,Healthcare Merchant 00033,Healthcare,Makassar,INACTIVE,LARGE,2022-11-05 00:43:01
M000034,Retail Merchant 00034,Retail,Jakarta,ACTIVE,MEDIUM,2025-02-04 07:52:13
M000035,Entertainment Merchant 00035,Entertainment,Tangerang,ACTIVE,SMALL,2026-03-14 23:07:18
M000036,Electronics Merchant 00036,Electronics,Palembang,INACTIVE,SMALL,2023-01-16 23:26:02
M000037,Travel Merchant 00037,Travel,Yogyakarta,ACTIVE,MEDIUM,2025-06-01 03:53:01
M000038,Retail Merchant 00038,Retail,Makassar,ACTIVE,MEDIUM,2022-11-21 08:41:13
M000039,Travel Merchant 00039,Travel,Jakarta,INACTIVE,SMALL,2026-06-28 16:19:45
M000040,Fashion Merchant 00040,Fashion,Bandung,ACTIVE,SMALL,2022-07-19 06:07:49
M000041,Fashion Merchant 00041,Fashion,Surabaya,ACTIVE,SMALL,2026-04-12 03:13:01
M000042,Food & Beverage Merchant 00042,Food & Beverage,Bandung,ACTIVE,MEDIUM,2025-11-18 11:03:30
M000043,Education Merchant 00043,Education,Palembang,ACTIVE,SMALL,2023-08-02 05:14:44
M000044,Retail Merchant 00044,Retail,Makassar,INACTIVE,SMALL,2023-10-27 06:17:57
M000045,Groceries Merchant 00045,Groceries,Semarang,ACTIVE,SMALL,2025-06-15 06:25:58
M000046,Food & Beverage Merchant 00046,Food & Beverage,Yogyakarta,INACTIVE,SMALL,2023-08-02 05:55:43
M000047,Healthcare Merchant 00047,Healthcare,Bandung,INACTIVE,SMALL,2022-05-31 21:14:59
M000048,Education Merchant 00048,Education,Tangerang,ACTIVE,SMALL,2022-10-27 21:16:23
M000049,Education Merchant 00049,Education,Tangerang,ACTIVE,MEDIUM,2026-02-04 20:14:16
M000050,Healthcare Merchant 00050,Healthcare,Semarang,ACTIVE,SMALL,2022-02-02 15:13:21
M000051,Healthcare Merchant 00051,Healthcare,Surabaya,ACTIVE,SMALL,2024-02-06 16:31:49
M000052,Electronics Merchant 00052,Electronics,Surabaya,ACTIVE,SMALL,2025-06-13 17:05:50
M000053,Travel Merchant 00053,Travel,Semarang,ACTIVE,SMALL,2022-07-28 18:21:26
M000054,Retail Merchant 00054,Retail,Tangerang,ACTIVE,SMALL,2025-10-22 08:18:26
M000055,Groceries Merchant 00055,Groceries,Medan,ACTIVE,SMALL,2022-01-04 19:35:01
M000056,Fashion Merchant 00056,Fashion,Bandung,ACTIVE,SMALL,2023-06-22 20:16:06
M000057,Fashion Merchant 00057,Fashion,Medan,ACTIVE,MEDIUM,2022-04-10 22:32:09
M000058,Healthcare Merchant 00058,Healthcare,Denpasar,ACTIVE,SMALL,2023-01-27 11:45:08
M000059,Travel Merchant 00059,Travel,Surabaya,ACTIVE,LARGE,2025-02-09 10:01:56
M000060,Groceries Merchant 00060,Groceries,Medan,ACTIVE,SMALL,2023-01-10 03:46:19
M000061,Transportation Merchant 00061,Transportation,Semarang,ACTIVE,SMALL,2022-04-22 00:28:39
M000062,Travel Merchant 00062,Travel,Tangerang,ACTIVE,MEDIUM,2026-04-30 12:31:54
M000063,Healthcare Merchant 00063,Healthcare,Yogyakarta,ACTIVE,SMALL,2022-07-10 20:49:51
M000064,Transportation Merchant 00064,Transportation,Bandung,ACTIVE,SMALL,2024-02-20 16:10:35
M000065,Groceries Merchant 00065,Groceries,Bandung,ACTIVE,MEDIUM,2025-10-07 21:56:11
M000066,Entertainment Merchant 00066,Entertainment,Yogyakarta,ACTIVE,SMALL,2022-06-28 09:17:14
M000067,Retail Merchant 00067,Retail,Bandung,ACTIVE,SMALL,2023-10-13 23:48:34
M000068,Education Merchant 00068,Education,Denpasar,ACTIVE,SMALL,2026-06-20 04:13:25
M000069,Retail Merchant 00069,Retail,Tangerang,ACTIVE,SMALL,2022-02-20 05:01:04
M000070,Electronics Merchant 00070,Electronics,Medan,ACTIVE,SMALL,2026-03-18 17:02:07
M000071,Food & Beverage Merchant 00071,Food & Beverage,Makassar,ACTIVE,MEDIUM,2024-12-22 19:51:07
M000072,Entertainment Merchant 00072,Entertainment,Makassar,ACTIVE,MEDIUM,2024-07-23 21:28:19
M000073,Retail Merchant 00073,Retail,Palembang,ACTIVE,SMALL,2023-08-12 22:22:24
M000074,Transportation Merchant 00074,Transportation,Bandung,ACTIVE,SMALL,2022-11-28 04:55:03
M000075,Healthcare Merchant 00075,Healthcare,Semarang,ACTIVE,SMALL,2023-04-07 18:19:36
M000076,Food & Beverage Merchant 00076,Food & Beverage,Tangerang,INACTIVE,SMALL,2025-10-09 02:12:57
M000077,Transportation Merchant 00077,Transportation,Semarang,INACTIVE,MEDIUM,2026-04-02 06:59:39
M000078,Transportation Merchant 00078,Transportation,Makassar,ACTIVE,LARGE,2022-11-18 00:50:33
M000079,Healthcare Merchant 00079,Healthcare,Semarang,ACTIVE,SMALL,2022-03-08 09:25:44
M000080,Fashion Merchant 00080,Fashion,Yogyakarta,ACTIVE,MEDIUM,2022-01-20 13:51:10
M000081,Fashion Merchant 00081,Fashion,Bandung,ACTIVE,SMALL,2024-02-29 15:02:15
M000082,Groceries Merchant 00082,Groceries,Tangerang,ACTIVE,SMALL,2025-04-09 20:52:56
M000083,Transportation Merchant 00083,Transportation,Yogyakarta,ACTIVE,SMALL,2024-04-18 22:04:42
M000084,Transportation Merchant 00084,Transportation,Bandung,SUSPENDED,SMALL,2022-12-10 18:35:43
M000085,Healthcare Merchant 00085,Healthcare,Medan,INACTIVE,SMALL,2024-07-07 07:55:03
M000086,Electronics Merchant 00086,Electronics,Jakarta,ACTIVE,SMALL,2024-05-24 10:40:57
M000087,Groceries Merchant 00087,Groceries,Jakarta,ACTIVE,SMALL,2025-12-26 15:14:34
M000088,Electronics Merchant 00088,Electronics,Semarang,ACTIVE,MEDIUM,2025-10-01 00:40:36
M000089,Electronics Merchant 00089,Electronics,Semarang,ACTIVE,SMALL,2024-12-13 05:58:56
M000090,Electronics Merchant 00090,Electronics,Semarang,ACTIVE,SMALL,2024-10-19 23:09:53
M000091,Groceries Merchant 00091,Groceries,Surabaya,ACTIVE,SMALL,2022-06-18 07:22:26
M000092,Fashion Merchant 00092,Fashion,Denpasar,ACTIVE,SMALL,2023-05-18 02:56:35
M000093,Food & Beverage Merchant 00093,Food & Beverage,Surabaya,ACTIVE,SMALL,2025-03-23 01:51:17
M000094,Electronics Merchant 00094,Electronics,Jakarta,ACTIVE,SMALL,2022-10-25 15:31:07
M000095,Education Merchant 00095,Education,Denpasar,ACTIVE,SMALL,2025-08-08 22:45:09
M000096,Healthcare Merchant 00096,Healthcare,Surabaya,ACTIVE,MEDIUM,2023-01-29 00:12:29
M000097,Travel Merchant 00097,Travel,Medan,ACTIVE,SMALL,2025-10-26 03:17:51
M000098,Entertainment Merchant 00098,Entertainment,Semarang,SUSPENDED,SMALL,2024-05-31 12:04:18
M000099,Retail Merchant 00099,Retail,Tangerang,ACTIVE,LARGE,2024-12-26 03:28:53
M000100,Education Merchant 00100,Education,Denpasar,ACTIVE,SMALL,2022-04-29 19:17:51
M000101,Entertainment Merchant 00101,Entertainment,Surabaya,ACTIVE,SMALL,2026-02-27 14:34:20
M000102,Food & Beverage Merchant 00102,Food & Beverage,Palembang,ACTIVE,SMALL,2022-07-23 00:00:55
M000103,Food & Beverage Merchant 00103,Food & Beverage,Yogyakarta,ACTIVE,SMALL,2023-08-21 08:32:17
M000104,Entertainment Merchant 00104,Entertainment,Semarang,ACTIVE,MEDIUM,2023-10-11 02:03:33
M000105,Fashion Merchant 00105,Fashion,Bandung,ACTIVE,SMALL,2023-09-14 01:43:28
M000106,Electronics Merchant 00106,Electronics,Semarang,ACTIVE,SMALL,2022-03-02 05:54:10
M000107,Healthcare Merchant 00107,Healthcare,Denpasar,ACTIVE,SMALL,2023-06-04 02:16:00
M000108,Entertainment Merchant 00108,Entertainment,Surabaya,ACTIVE,SMALL,2024-12-10 13:25:18
M000109,Fashion Merchant 00109,Fashion,Medan,ACTIVE,SMALL,2023-12-13 16:47:29
M000110,Transportation Merchant 00110,Transportation,Semarang,ACTIVE,MEDIUM,2024-11-14 22:11:44
M000111,Groceries Merchant 00111,Groceries,Semarang,ACTIVE,SMALL,2025-11-18 13:05:51
M000112,Education Merchant 00112,Education,Palembang,ACTIVE,SMALL,2026-06-09 11:24:40
M000113,Transportation Merchant 00113,Transportation,Surabaya,ACTIVE,MEDIUM,2026-05-03 13:43:35
M000114,Healthcare Merchant 00114,Healthcare,Medan,INACTIVE,SMALL,2023-05-17 04:32:46
M000115,Food & Beverage Merchant 00115,Food & Beverage,Surabaya,ACTIVE,SMALL,2024-11-11 22:12:22
M000116,Fashion Merchant 00116,Fashion,Denpasar,ACTIVE,MEDIUM,2023-07-20 07:01:04
M000117,Education Merchant 00117,Education,Tangerang,ACTIVE,SMALL,2024-03-23 15:09:10
M000118,Transportation Merchant 00118,Transportation,Medan,ACTIVE,SMALL,2022-01-23 18:31:40
M000119,Entertainment Merchant 00119,Entertainment,Denpasar,ACTIVE,LARGE,2026-05-28 19:37:56
M000120,Transportation Merchant 00120,Transportation,Denpasar,ACTIVE,SMALL,2022-12-10 21:09:45
M000121,Healthcare Merchant 00121,Healthcare,Palembang,ACTIVE,MEDIUM,2022-01-30 12:56:07
M000122,Fashion Merchant 00122,Fashion,Makassar,ACTIVE,SMALL,2026-03-16 03:19:15
M000123,Groceries Merchant 00123,Groceries,Surabaya,ACTIVE,MEDIUM,2023-03-13 03:48:58
M000124,Groceries Merchant 00124,Groceries,Jakarta,ACTIVE,MEDIUM,2022-09-14 08:09:02
M000125,Entertainment Merchant 00125,Entertainment,Jakarta,ACTIVE,SMALL,2022-04-15 05:37:06
M000126,Transportation Merchant 00126,Transportation,Semarang,ACTIVE,MEDIUM,2023-04-12 23:31:03
M000127,Food & Beverage Merchant 00127,Food & Beverage,Medan,ACTIVE,SMALL,2023-02-17 18:47:35
M000128,Electronics Merchant 00128,Electronics,Denpasar,ACTIVE,MEDIUM,2023-12-04 10:44:44
M000129,Electronics Merchant 00129,Electronics,Semarang,ACTIVE,SMALL,2023-10-17 23:23:31
M000130,Transportation Merchant 00130,Transportation,Makassar,ACTIVE,MEDIUM,2025-03-04 16:03:50
M000131,Food & Beverage Merchant 00131,Food & Beverage,Surabaya,ACTIVE,MEDIUM,2022-04-13 03:46:36
M000132,Healthcare Merchant 00132,Healthcare,Yogyakarta,ACTIVE,LARGE,2022-10-29 07:05:28
M000133,Electronics Merchant 00133,Electronics,Medan,INACTIVE,SMALL,2024-01-16 07:00:22
M000134,Education Merchant 00134,Education,Yogyakarta,ACTIVE,MEDIUM,2025-06-05 19:50:48
M000135,Transportation Merchant 00135,Transportation,Yogyakarta,ACTIVE,SMALL,2024-05-19 09:05:10
M000136,Electronics Merchant 00136,Electronics,Yogyakarta,ACTIVE,SMALL,2024-11-18 16:53:39
M000137,Travel Merchant 00137,Travel,Bandung,ACTIVE,SMALL,2024-08-03 02:31:16
M000138,Electronics Merchant 00138,Electronics,Makassar,INACTIVE,SMALL,2026-01-30 03:55:14
M000139,Transportation Merchant 00139,Transportation,Semarang,ACTIVE,SMALL,2022-12-21 20:19:46
M000140,Healthcare Merchant 00140,Healthcare,Makassar,ACTIVE,SMALL,2024-07-01 16:06:32
M000141,Groceries Merchant 00141,Groceries,Tangerang,ACTIVE,MEDIUM,2024-02-09 08:36:28
M000142,Fashion Merchant 00142,Fashion,Denpasar,ACTIVE,SMALL,2025-04-26 07:10:31
M000143,Fashion Merchant 00143,Fashion,Makassar,ACTIVE,SMALL,2023-08-13 23:12:02
M000144,Groceries Merchant 00144,Groceries,Palembang,ACTIVE,SMALL,2024-08-26 03:33:30
M000145,Retail Merchant 00145,Retail,Palembang,ACTIVE,SMALL,2023-10-12 07:27:11
M000146,Education Merchant 00146,Education,Bandung,ACTIVE,SMALL,2026-06-21 04:38:02
M000147,Education Merchant 00147,Education,Yogyakarta,ACTIVE,SMALL,2025-05-20 04:19:51
M000148,Transportation Merchant 00148,Transportation,Semarang,ACTIVE,SMALL,2023-12-15 06:40:53
M000149,Electronics Merchant 00149,Electronics,Jakarta,ACTIVE,SMALL,2023-07-29 01:34:24
M000150,Retail Merchant 00150,Retail,Makassar,ACTIVE,SMALL,2022-09-11 21:03:13
M000151,Retail Merchant 00151,Retail,Yogyakarta,ACTIVE,MEDIUM,2024-03-17 12:28:00
M000152,Groceries Merchant 00152,Groceries,Semarang,INACTIVE,SMALL,2026-05-06 12:40:49
M000153,Fashion Merchant 00153,Fashion,Jakarta,ACTIVE,SMALL,2025-12-13 18:57:49
M000154,Entertainment Merchant 00154,Entertainment,Tangerang,ACTIVE,SMALL,2025-01-11 19:06:31
M000155,Retail Merchant 00155,Retail,Semarang,INACTIVE,SMALL,2022-12-20 14:46:28
M000156,Education Merchant 00156,Education,Makassar,ACTIVE,SMALL,2022-04-09 04:51:10
M000157,Fashion Merchant 00157,Fashion,Yogyakarta,ACTIVE,SMALL,2024-04-19 16:27:44
M000158,Retail Merchant 00158,Retail,Surabaya,ACTIVE,SMALL,2025-01-02 20:55:28
M000159,Fashion Merchant 00159,Fashion,Semarang,ACTIVE,SMALL,2025-08-10 13:05:29
M000160,Fashion Merchant 00160,Fashion,Makassar,ACTIVE,MEDIUM,2022-02-24 13:24:30
M000161,Healthcare Merchant 00161,Healthcare,Bandung,ACTIVE,SMALL,2023-12-03 01:19:25
M000162,Electronics Merchant 00162,Electronics,Medan,ACTIVE,SMALL,2023-09-15 07:48:03
M000163,Healthcare Merchant 00163,Healthcare,Yogyakarta,ACTIVE,MEDIUM,2024-03-20 23:17:01
M000164,Travel Merchant 00164,Travel,Medan,INACTIVE,SMALL,2023-05-26 08:32:22
M000165,Entertainment Merchant 00165,Entertainment,Tangerang,ACTIVE,SMALL,2023-11-18 17:08:06
M000166,Education Merchant 00166,Education,Makassar,ACTIVE,SMALL,2024-10-07 09:07:07
M000167,Healthcare Merchant 00167,Healthcare,Palembang,ACTIVE,MEDIUM,2022-12-04 09:22:38
M000168,Groceries Merchant 00168,Groceries,Medan,ACTIVE,SMALL,2023-04-22 23:49:17
M000169,Travel Merchant 00169,Travel,Semarang,ACTIVE,SMALL,2022-06-13 18:37:30
M000170,Education Merchant 00170,Education,Jakarta,ACTIVE,MEDIUM,2026-02-21 20:46:00
M000171,Travel Merchant 00171,Travel,Yogyakarta,ACTIVE,SMALL,2024-11-29 00:01:07
M000172,Education Merchant 00172,Education,Makassar,ACTIVE,MEDIUM,2025-10-22 05:48:01
M000173,Retail Merchant 00173,Retail,Surabaya,ACTIVE,MEDIUM,2025-09-06 11:49:23
M000174,Travel Merchant 00174,Travel,Palembang,ACTIVE,MEDIUM,2024-04-28 16:23:04
M000175,Transportation Merchant 00175,Transportation,Semarang,ACTIVE,MEDIUM,2023-11-10 19:33:00
M000176,Retail Merchant 00176,Retail,Semarang,ACTIVE,SMALL,2024-03-13 07:52:32
M000177,Fashion Merchant 00177,Fashion,Tangerang,ACTIVE,MEDIUM,2025-04-01 11:51:29
M000178,Travel Merchant 00178,Travel,Medan,ACTIVE,SMALL,2025-04-09 11:21:34
M000179,Travel Merchant 00179,Travel,Surabaya,ACTIVE,SMALL,2026-05-02 04:24:45
M000180,Groceries Merchant 00180,Groceries,Tangerang,ACTIVE,SMALL,2025-02-28 14:28:25
M000181,Entertainment Merchant 00181,Entertainment,Tangerang,ACTIVE,SMALL,2022-11-10 13:16:18
M000182,Fashion Merchant 00182,Fashion,Medan,ACTIVE,MEDIUM,2023-11-27 02:12:27
M000183,Groceries Merchant 00183,Groceries,Tangerang,ACTIVE,SMALL,2024-11-18 17:37:07
M000184,Electronics Merchant 00184,Electronics,Medan,ACTIVE,SMALL,2022-05-29 04:13:01
M000185,Retail Merchant 00185,Retail,Yogyakarta,ACTIVE,SMALL,2022-09-19 02:51:23
M000186,Education Merchant 00186,Education,Denpasar,ACTIVE,SMALL,2026-05-19 01:29:10
M000187,Entertainment Merchant 00187,Entertainment,Denpasar,ACTIVE,SMALL,2024-03-30 23:48:29
M000188,Education Merchant 00188,Education,Palembang,ACTIVE,SMALL,2026-06-17 13:07:57
M000189,Transportation Merchant 00189,Transportation,Surabaya,ACTIVE,SMALL,2025-10-31 08:20:12
M000190,Fashion Merchant 00190,Fashion,Bandung,INACTIVE,MEDIUM,2022-01-11 02:10:55
M000191,Retail Merchant 00191,Retail,Bandung,ACTIVE,SMALL,2026-07-11 12:59:02
M000192,Travel Merchant 00192,Travel,Semarang,ACTIVE,SMALL,2025-06-08 22:45:32
M000193,Retail Merchant 00193,Retail,Palembang,ACTIVE,SMALL,2024-02-19 21:11:02
M000194,Education Merchant 00194,Education,Tangerang,ACTIVE,MEDIUM,2023-03-21 12:56:21
M000195,Retail Merchant 00195,Retail,Palembang,ACTIVE,LARGE,2026-03-28 13:35:56
M000196,Food & Beverage Merchant 00196,Food & Beverage,Bandung,ACTIVE,SMALL,2025-12-21 17:26:34
M000197,Transportation Merchant 00197,Transportation,Tangerang,INACTIVE,SMALL,2024-12-01 03:33:25
M000198,Entertainment Merchant 00198,Entertainment,Jakarta,ACTIVE,SMALL,2025-12-07 07:46:46
M000199,Entertainment Merchant 00199,Entertainment,Bandung,ACTIVE,SMALL,2024-12-25 17:09:34
M000200,Travel Merchant 00200,Travel,Tangerang,ACTIVE,SMALL,2022-07-20 15:56:42
M000201,Travel Merchant 00201,Travel,Palembang,SUSPENDED,SMALL,2024-07-18 16:15:35
M000202,Retail Merchant 00202,Retail,Bandung,ACTIVE,SMALL,2024-09-16 04:12:48
M000203,Entertainment Merchant 00203,Entertainment,Surabaya,ACTIVE,SMALL,2026-02-03 12:41:10
M000204,Retail Merchant 00204,Retail,Semarang,INACTIVE,SMALL,2025-04-28 04:01:11
M000205,Groceries Merchant 00205,Groceries,Denpasar,ACTIVE,SMALL,2023-02-12 02:43:39
M000206,Food & Beverage Merchant 00206,Food & Beverage,Semarang,SUSPENDED,SMALL,2024-08-22 01:19:47
M000207,Retail Merchant 00207,Retail,Surabaya,ACTIVE,SMALL,2025-01-16 21:03:00
M000208,Electronics Merchant 00208,Electronics,Makassar,ACTIVE,SMALL,2023-06-02 02:31:58
M000209,Travel Merchant 00209,Travel,Medan,ACTIVE,SMALL,2026-04-07 22:50:19
M000210,Food & Beverage Merchant 00210,Food & Beverage,Palembang,INACTIVE,MEDIUM,2025-11-30 18:38:43
M000211,Food & Beverage Merchant 00211,Food & Beverage,Medan,ACTIVE,SMALL,2022-12-25 03:16:37
M000212,Fashion Merchant 00212,Fashion,Semarang,ACTIVE,SMALL,2024-12-09 22:26:51
M000213,Retail Merchant 00213,Retail,Palembang,ACTIVE,MEDIUM,2023-11-27 06:14:44
M000214,Food & Beverage Merchant 00214,Food & Beverage,Jakarta,ACTIVE,MEDIUM,2022-12-29 04:47:47
M000215,Travel Merchant 00215,Travel,Surabaya,ACTIVE,SMALL,2024-08-25 10:48:03
M000216,Education Merchant 00216,Education,Jakarta,ACTIVE,SMALL,2024-03-03 22:25:08
M000217,Groceries Merchant 00217,Groceries,Palembang,INACTIVE,SMALL,2023-01-10 10:26:14
M000218,Entertainment Merchant 00218,Entertainment,Tangerang,ACTIVE,SMALL,2025-01-19 15:48:01
M000219,Groceries Merchant 00219,Groceries,Yogyakarta,ACTIVE,MEDIUM,2025-11-22 14:48:13
M000220,Retail Merchant 00220,Retail,Makassar,ACTIVE,MEDIUM,2023-12-10 06:46:10
M000221,Electronics Merchant 00221,Electronics,Bandung,ACTIVE,SMALL,2022-06-13 09:09:19
M000222,Electronics Merchant 00222,Electronics,Yogyakarta,ACTIVE,SMALL,2022-01-25 11:34:30
M000223,Fashion Merchant 00223,Fashion,Jakarta,INACTIVE,SMALL,2025-09-21 02:53:45
M000224,Groceries Merchant 00224,Groceries,Tangerang,ACTIVE,SMALL,2024-04-14 08:52:52
M000225,Fashion Merchant 00225,Fashion,Tangerang,ACTIVE,SMALL,2025-01-20 11:32:47
M000226,Transportation Merchant 00226,Transportation,Makassar,ACTIVE,SMALL,2022-02-27 08:01:39
M000227,Food & Beverage Merchant 00227,Food & Beverage,Yogyakarta,ACTIVE,MEDIUM,2024-05-15 21:19:31
M000228,Groceries Merchant 00228,Groceries,Palembang,ACTIVE,SMALL,2024-04-21 12:47:23
M000229,Transportation Merchant 00229,Transportation,Makassar,INACTIVE,SMALL,2023-05-09 05:08:49
M000230,Entertainment Merchant 00230,Entertainment,Palembang,ACTIVE,SMALL,2026-04-06 02:08:59
M000231,Fashion Merchant 00231,Fashion,Yogyakarta,ACTIVE,SMALL,2026-04-11 22:06:26
M000232,Electronics Merchant 00232,Electronics,Yogyakarta,ACTIVE,SMALL,2022-09-02 12:03:06
M000233,Electronics Merchant 00233,Electronics,Semarang,INACTIVE,SMALL,2024-05-27 22:35:01
M000234,Groceries Merchant 00234,Groceries,Bandung,ACTIVE,MEDIUM,2022-08-24 16:50:04
M000235,Transportation Merchant 00235,Transportation,Semarang,ACTIVE,MEDIUM,2023-04-07 17:33:39
M000236,Food & Beverage Merchant 00236,Food & Beverage,Makassar,ACTIVE,SMALL,2025-03-25 07:26:15
M000237,Fashion Merchant 00237,Fashion,Jakarta,ACTIVE,MEDIUM,2023-09-27 13:19:55
M000238,Groceries Merchant 00238,Groceries,Denpasar,ACTIVE,MEDIUM,2025-05-02 12:23:22
M000239,Transportation Merchant 00239,Transportation,Makassar,ACTIVE,MEDIUM,2023-03-21 21:32:42
M000240,Education Merchant 00240,Education,Semarang,ACTIVE,SMALL,2023-03-09 14:15:50
M000241,Education Merchant 00241,Education,Bandung,ACTIVE,SMALL,2023-10-14 15:20:28
M000242,Transportation Merchant 00242,Transportation,Palembang,SUSPENDED,SMALL,2022-12-11 12:12:44
M000243,Fashion Merchant 00243,Fashion,Jakarta,ACTIVE,SMALL,2026-07-17 04:08:51
M000244,Fashion Merchant 00244,Fashion,Bandung,ACTIVE,SMALL,2024-09-22 05:04:01
M000245,Groceries Merchant 00245,Groceries,Tangerang,ACTIVE,SMALL,2025-09-05 14:01:04
M000246,Entertainment Merchant 00246,Entertainment,Denpasar,ACTIVE,SMALL,2026-04-24 21:46:52
M000247,Entertainment Merchant 00247,Entertainment,Palembang,SUSPENDED,SMALL,2025-03-07 03:18:33
M000248,Food & Beverage Merchant 00248,Food & Beverage,Jakarta,ACTIVE,SMALL,2026-03-12 08:15:34
M000249,Entertainment Merchant 00249,Entertainment,Yogyakarta,INACTIVE,SMALL,2025-08-30 22:14:38
M000250,Entertainment Merchant 00250,Entertainment,Yogyakarta,ACTIVE,SMALL,2023-01-02 04:18:41
M000251,Electronics Merchant 00251,Electronics,Medan,INACTIVE,SMALL,2024-05-18 12:17:32
M000252,Healthcare Merchant 00252,Healthcare,Yogyakarta,ACTIVE,SMALL,2026-05-12 09:15:54
M000253,Retail Merchant 00253,Retail,Yogyakarta,ACTIVE,MEDIUM,2022-05-18 03:34:19
M000254,Electronics Merchant 00254,Electronics,Makassar,SUSPENDED,MEDIUM,2025-08-06 08:01:18
M000255,Fashion Merchant 00255,Fashion,Denpasar,ACTIVE,SMALL,2025-07-09 04:39:52
M000256,Travel Merchant 00256,Travel,Makassar,ACTIVE,SMALL,2026-06-25 10:47:30
M000257,Groceries Merchant 00257,Groceries,Semarang,INACTIVE,MEDIUM,2023-12-19 02:53:53
M000258,Healthcare Merchant 00258,Healthcare,Medan,ACTIVE,SMALL,2025-10-31 17:02:56
M000259,Food & Beverage Merchant 00259,Food & Beverage,Medan,ACTIVE,SMALL,2023-10-13 00:08:20
M000260,Retail Merchant 00260,Retail,Tangerang,ACTIVE,SMALL,2025-04-28 23:40:28
M000261,Groceries Merchant 00261,Groceries,Yogyakarta,ACTIVE,SMALL,2023-10-10 22:14:41
M000262,Transportation Merchant 00262,Transportation,Palembang,ACTIVE,SMALL,2022-03-09 01:59:58
M000263,Retail Merchant 00263,Retail,Makassar,ACTIVE,SMALL,2025-05-18 16:13:45
M000264,Entertainment Merchant 00264,Entertainment,Surabaya,ACTIVE,SMALL,2025-09-23 23:59:01
M000265,Education Merchant 00265,Education,Palembang,ACTIVE,SMALL,2023-08-12 01:01:01
M000266,Fashion Merchant 00266,Fashion,Palembang,INACTIVE,SMALL,2023-09-13 10:35:12
M000267,Transportation Merchant 00267,Transportation,Denpasar,ACTIVE,SMALL,2022-01-27 13:35:52
M000268,Fashion Merchant 00268,Fashion,Bandung,ACTIVE,SMALL,2022-09-05 04:19:43
M000269,Healthcare Merchant 00269,Healthcare,Palembang,ACTIVE,SMALL,2025-09-08 05:56:34
M000270,Fashion Merchant 00270,Fashion,Semarang,ACTIVE,MEDIUM,2022-03-08 07:30:06
M000271,Retail Merchant 00271,Retail,Surabaya,ACTIVE,SMALL,2025-06-06 20:25:43
M000272,Entertainment Merchant 00272,Entertainment,Yogyakarta,ACTIVE,SMALL,2022-05-03 03:10:44
M000273,Entertainment Merchant 00273,Entertainment,Makassar,ACTIVE,LARGE,2024-11-15 15:41:30
M000274,Healthcare Merchant 00274,Healthcare,Yogyakarta,ACTIVE,MEDIUM,2025-03-19 21:54:26
M000275,Transportation Merchant 00275,Transportation,Yogyakarta,ACTIVE,SMALL,2025-04-26 03:58:41
M000276,Education Merchant 00276,Education,Medan,ACTIVE,SMALL,2023-10-14 16:57:33
M000277,Transportation Merchant 00277,Transportation,Tangerang,ACTIVE,SMALL,2022-12-19 04:30:20
M000278,Groceries Merchant 00278,Groceries,Surabaya,ACTIVE,LARGE,2023-03-21 03:51:43
M000279,Food & Beverage Merchant 00279,Food & Beverage,Semarang,ACTIVE,MEDIUM,2023-10-17 22:40:01
M000280,Retail Merchant 00280,Retail,Jakarta,INACTIVE,SMALL,2023-07-23 19:21:38
M000281,Fashion Merchant 00281,Fashion,Tangerang,ACTIVE,SMALL,2023-12-19 09:45:34
M000282,Food & Beverage Merchant 00282,Food & Beverage,Semarang,ACTIVE,SMALL,2023-08-01 19:54:03
M000283,Travel Merchant 00283,Travel,Medan,ACTIVE,SMALL,2025-10-17 14:24:13
M000284,Food & Beverage Merchant 00284,Food & Beverage,Bandung,ACTIVE,SMALL,2026-03-29 10:27:07
M000285,Transportation Merchant 00285,Transportation,Medan,ACTIVE,SMALL,2023-06-26 22:39:04
M000286,Fashion Merchant 00286,Fashion,Tangerang,ACTIVE,SMALL,2024-11-07 06:49:56
M000287,Fashion Merchant 00287,Fashion,Denpasar,ACTIVE,MEDIUM,2023-11-08 10:56:13
M000288,Travel Merchant 00288,Travel,Jakarta,ACTIVE,MEDIUM,2024-12-14 04:27:20
M000289,Groceries Merchant 00289,Groceries,Tangerang,ACTIVE,MEDIUM,2022-09-09 01:24:48
M000290,Travel Merchant 00290,Travel,Tangerang,SUSPENDED,SMALL,2023-02-08 09:29:20
M000291,Travel Merchant 00291,Travel,Surabaya,ACTIVE,SMALL,2023-02-08 05:31:57
M000292,Retail Merchant 00292,Retail,Medan,ACTIVE,SMALL,2022-03-16 17:52:15
M000293,Fashion Merchant 00293,Fashion,Jakarta,ACTIVE,SMALL,2023-10-12 17:50:00
M000294,Healthcare Merchant 00294,Healthcare,Denpasar,ACTIVE,SMALL,2024-06-06 23:17:22
M000295,Food & Beverage Merchant 00295,Food & Beverage,Palembang,ACTIVE,MEDIUM,2024-04-09 22:30:14
M000296,Food & Beverage Merchant 00296,Food & Beverage,Denpasar,ACTIVE,MEDIUM,2024-09-26 23:03:53
M000297,Travel Merchant 00297,Travel,Bandung,ACTIVE,MEDIUM,2024-07-10 19:38:57
M000298,Transportation Merchant 00298,Transportation,Tangerang,ACTIVE,SMALL,2022-09-09 03:04:45
M000299,Electronics Merchant 00299,Electronics,Surabaya,ACTIVE,LARGE,2023-04-28 20:33:11
M000300,Education Merchant 00300,Education,Tangerang,ACTIVE,SMALL,2023-09-02 21:17:53
M000301,Entertainment Merchant 00301,Entertainment,Tangerang,ACTIVE,SMALL,2025-08-05 18:23:23
M000302,Electronics Merchant 00302,Electronics,Surabaya,ACTIVE,SMALL,2024-01-15 05:30:11
M000303,Electronics Merchant 00303,Electronics,Medan,ACTIVE,MEDIUM,2025-09-06 04:29:46
M000304,Transportation Merchant 00304,Transportation,Palembang,ACTIVE,MEDIUM,2022-09-30 00:24:25
M000305,Food & Beverage Merchant 00305,Food & Beverage,Medan,ACTIVE,LARGE,2022-02-13 03:27:59
M000306,Electronics Merchant 00306,Electronics,Medan,ACTIVE,MEDIUM,2024-02-15 22:09:32
M000307,Education Merchant 00307,Education,Denpasar,ACTIVE,SMALL,2024-01-01 15:38:45
M000308,Education Merchant 00308,Education,Bandung,ACTIVE,SMALL,2023-09-10 10:07:54
M000309,Food & Beverage Merchant 00309,Food & Beverage,Semarang,SUSPENDED,SMALL,2024-07-18 12:09:29
M000310,Education Merchant 00310,Education,Bandung,ACTIVE,SMALL,2026-03-31 04:07:39
M000311,Healthcare Merchant 00311,Healthcare,Yogyakarta,ACTIVE,SMALL,2024-06-15 11:53:29
M000312,Healthcare Merchant 00312,Healthcare,Palembang,SUSPENDED,SMALL,2022-09-29 00:31:51
M000313,Electronics Merchant 00313,Electronics,Bandung,ACTIVE,MEDIUM,2022-12-01 13:49:12
M000314,Food & Beverage Merchant 00314,Food & Beverage,Yogyakarta,ACTIVE,SMALL,2022-08-21 06:53:06
M000315,Groceries Merchant 00315,Groceries,Tangerang,ACTIVE,SMALL,2024-06-15 04:55:26
M000316,Groceries Merchant 00316,Groceries,Medan,ACTIVE,MEDIUM,2023-07-27 21:00:01
M000317,Travel Merchant 00317,Travel,Denpasar,ACTIVE,MEDIUM,2022-07-17 06:24:17
M000318,Travel Merchant 00318,Travel,Makassar,INACTIVE,SMALL,2026-04-17 17:02:36
M000319,Travel Merchant 00319,Travel,Medan,ACTIVE,SMALL,2026-06-12 17:38:43
M000320,Food & Beverage Merchant 00320,Food & Beverage,Bandung,ACTIVE,SMALL,2023-04-03 07:00:22
M000321,Electronics Merchant 00321,Electronics,Tangerang,ACTIVE,SMALL,2022-05-01 10:37:44
M000322,Retail Merchant 00322,Retail,Jakarta,ACTIVE,SMALL,2026-05-28 23:09:06
M000323,Groceries Merchant 00323,Groceries,Medan,ACTIVE,SMALL,2026-02-02 17:25:02
M000324,Groceries Merchant 00324,Groceries,Denpasar,ACTIVE,SMALL,2023-04-05 13:38:03
M000325,Fashion Merchant 00325,Fashion,Palembang,ACTIVE,SMALL,2024-07-21 01:31:06
M000326,Food & Beverage Merchant 00326,Food & Beverage,Bandung,ACTIVE,SMALL,2024-01-07 08:37:11
M000327,Entertainment Merchant 00327,Entertainment,Bandung,ACTIVE,MEDIUM,2024-08-17 23:22:12
M000328,Electronics Merchant 00328,Electronics,Palembang,ACTIVE,SMALL,2022-01-19 06:38:35
M000329,Entertainment Merchant 00329,Entertainment,Semarang,ACTIVE,SMALL,2023-09-25 02:24:12
M000330,Groceries Merchant 00330,Groceries,Makassar,INACTIVE,SMALL,2024-02-17 21:04:05
M000331,Fashion Merchant 00331,Fashion,Semarang,INACTIVE,SMALL,2024-02-10 23:41:48
M000332,Entertainment Merchant 00332,Entertainment,Tangerang,ACTIVE,SMALL,2023-03-07 19:21:49
M000333,Retail Merchant 00333,Retail,Denpasar,ACTIVE,SMALL,2024-07-21 08:06:13
M000334,Healthcare Merchant 00334,Healthcare,Palembang,ACTIVE,SMALL,2026-04-07 01:53:22
M000335,Fashion Merchant 00335,Fashion,Denpasar,ACTIVE,SMALL,2024-03-27 21:03:58
M000336,Groceries Merchant 00336,Groceries,Medan,ACTIVE,MEDIUM,2022-05-15 14:45:08
M000337,Electronics Merchant 00337,Electronics,Medan,INACTIVE,SMALL,2023-02-10 17:30:53
M000338,Food & Beverage Merchant 00338,Food & Beverage,Tangerang,ACTIVE,MEDIUM,2022-09-11 12:03:58
M000339,Healthcare Merchant 00339,Healthcare,Denpasar,ACTIVE,MEDIUM,2022-07-24 06:54:01
M000340,Travel Merchant 00340,Travel,Bandung,ACTIVE,SMALL,2022-08-01 20:58:05
M000341,Entertainment Merchant 00341,Entertainment,Medan,ACTIVE,SMALL,2022-02-02 22:28:30
M000342,Travel Merchant 00342,Travel,Surabaya,ACTIVE,SMALL,2025-10-13 10:26:00
M000343,Entertainment Merchant 00343,Entertainment,Bandung,ACTIVE,MEDIUM,2024-01-16 03:19:19
M000344,Groceries Merchant 00344,Groceries,Semarang,ACTIVE,SMALL,2022-03-29 10:53:46
M000345,Healthcare Merchant 00345,Healthcare,Jakarta,ACTIVE,MEDIUM,2023-03-25 10:42:54
M000346,Travel Merchant 00346,Travel,Yogyakarta,ACTIVE,MEDIUM,2024-09-27 11:58:57
M000347,Retail Merchant 00347,Retail,Jakarta,ACTIVE,SMALL,2023-09-24 18:50:08
M000348,Groceries Merchant 00348,Groceries,Yogyakarta,ACTIVE,MEDIUM,2025-03-15 21:13:00
M000349,Entertainment Merchant 00349,Entertainment,Bandung,ACTIVE,SMALL,2024-06-30 15:48:12
M000350,Fashion Merchant 00350,Fashion,Yogyakarta,ACTIVE,SMALL,2025-12-26 17:26:14
M000351,Retail Merchant 00351,Retail,Denpasar,ACTIVE,SMALL,2025-07-13 10:15:05
M000352,Electronics Merchant 00352,Electronics,Denpasar,ACTIVE,SMALL,2025-08-21 15:21:14
M000353,Travel Merchant 00353,Travel,Yogyakarta,SUSPENDED,SMALL,2023-08-04 21:29:28
M000354,Food & Beverage Merchant 00354,Food & Beverage,Semarang,INACTIVE,MEDIUM,2023-01-25 09:50:52
M000355,Travel Merchant 00355,Travel,Denpasar,ACTIVE,MEDIUM,2023-06-13 14:41:26
M000356,Electronics Merchant 00356,Electronics,Bandung,ACTIVE,SMALL,2025-02-14 02:45:55
M000357,Retail Merchant 00357,Retail,Semarang,ACTIVE,SMALL,2022-06-30 08:12:38
M000358,Food & Beverage Merchant 00358,Food & Beverage,Jakarta,SUSPENDED,SMALL,2022-07-16 20:44:39
M000359,Groceries Merchant 00359,Groceries,Makassar,ACTIVE,SMALL,2026-06-26 15:58:24
M000360,Transportation Merchant 00360,Transportation,Jakarta,ACTIVE,SMALL,2023-07-11 02:41:51
M000361,Healthcare Merchant 00361,Healthcare,Bandung,ACTIVE,MEDIUM,2025-04-17 01:38:01
M000362,Fashion Merchant 00362,Fashion,Yogyakarta,INACTIVE,SMALL,2022-12-26 19:01:59
M000363,Healthcare Merchant 00363,Healthcare,Bandung,ACTIVE,SMALL,2023-05-16 09:06:03
M000364,Groceries Merchant 00364,Groceries,Palembang,ACTIVE,SMALL,2024-09-21 03:43:44
M000365,Food & Beverage Merchant 00365,Food & Beverage,Jakarta,ACTIVE,SMALL,2026-05-16 08:05:37
M000366,Travel Merchant 00366,Travel,Yogyakarta,ACTIVE,LARGE,2024-08-21 02:57:35
M000367,Healthcare Merchant 00367,Healthcare,Semarang,ACTIVE,SMALL,2022-03-18 12:20:00
M000368,Travel Merchant 00368,Travel,Jakarta,SUSPENDED,SMALL,2025-07-25 12:11:12
M000369,Food & Beverage Merchant 00369,Food & Beverage,Palembang,ACTIVE,SMALL,2025-03-06 02:08:55
M000370,Travel Merchant 00370,Travel,Makassar,ACTIVE,SMALL,2024-07-22 20:04:40
M000371,Fashion Merchant 00371,Fashion,Jakarta,ACTIVE,SMALL,2022-09-28 16:05:02
M000372,Groceries Merchant 00372,Groceries,Jakarta,ACTIVE,SMALL,2024-03-16 11:56:55
M000373,Fashion Merchant 00373,Fashion,Medan,ACTIVE,SMALL,2024-05-28 16:41:06
M000374,Electronics Merchant 00374,Electronics,Denpasar,SUSPENDED,MEDIUM,2022-03-09 21:47:06
M000375,Healthcare Merchant 00375,Healthcare,Surabaya,ACTIVE,MEDIUM,2025-10-02 20:46:54
M000376,Transportation Merchant 00376,Transportation,Surabaya,ACTIVE,SMALL,2025-04-15 22:17:51
M000377,Electronics Merchant 00377,Electronics,Semarang,ACTIVE,SMALL,2023-05-29 21:22:27
M000378,Retail Merchant 00378,Retail,Medan,ACTIVE,SMALL,2024-07-07 06:34:44
M000379,Transportation Merchant 00379,Transportation,Makassar,ACTIVE,SMALL,2023-12-18 20:18:27
M000380,Groceries Merchant 00380,Groceries,Bandung,ACTIVE,SMALL,2022-06-19 07:39:12
M000381,Transportation Merchant 00381,Transportation,Denpasar,ACTIVE,MEDIUM,2022-07-05 04:48:34
M000382,Food & Beverage Merchant 00382,Food & Beverage,Jakarta,ACTIVE,SMALL,2026-01-20 18:18:12
M000383,Transportation Merchant 00383,Transportation,Medan,ACTIVE,SMALL,2023-03-18 00:57:37
M000384,Electronics Merchant 00384,Electronics,Surabaya,ACTIVE,SMALL,2024-09-13 22:17:53
M000385,Healthcare Merchant 00385,Healthcare,Jakarta,ACTIVE,SMALL,2023-09-09 02:51:07
M000386,Groceries Merchant 00386,Groceries,Denpasar,ACTIVE,LARGE,2025-09-18 14:18:26
M000387,Retail Merchant 00387,Retail,Makassar,ACTIVE,SMALL,2024-08-21 18:51:17
M000388,Food & Beverage Merchant 00388,Food & Beverage,Palembang,ACTIVE,SMALL,2026-01-10 16:23:21
M000389,Transportation Merchant 00389,Transportation,Surabaya,INACTIVE,SMALL,2026-07-08 03:42:29
M000390,Education Merchant 00390,Education,Jakarta,ACTIVE,SMALL,2026-04-26 18:45:34
M000391,Retail Merchant 00391,Retail,Yogyakarta,ACTIVE,SMALL,2024-03-30 19:21:31
M000392,Entertainment Merchant 00392,Entertainment,Medan,ACTIVE,SMALL,2022-11-07 10:34:48
M000393,Entertainment Merchant 00393,Entertainment,Medan,ACTIVE,MEDIUM,2024-11-27 14:26:09
M000394,Travel Merchant 00394,Travel,Bandung,ACTIVE,SMALL,2024-08-03 18:53:49
M000395,Travel Merchant 00395,Travel,Surabaya,INACTIVE,SMALL,2026-04-12 18:19:22
M000396,Healthcare Merchant 00396,Healthcare,Makassar,ACTIVE,SMALL,2024-08-13 01:00:49
M000397,Entertainment Merchant 00397,Entertainment,Yogyakarta,ACTIVE,SMALL,2025-11-07 05:05:06
M000398,Transportation Merchant 00398,Transportation,Medan,ACTIVE,MEDIUM,2024-07-05 19:49:38
M000399,Food & Beverage Merchant 00399,Food & Beverage,Semarang,ACTIVE,SMALL,2023-12-18 09:00:02
M000400,Transportation Merchant 00400,Transportation,Jakarta,ACTIVE,MEDIUM,2022-02-19 22:23:27
M000401,Electronics Merchant 00401,Electronics,Bandung,ACTIVE,SMALL,2024-11-18 23:17:14
M000402,Retail Merchant 00402,Retail,Makassar,ACTIVE,MEDIUM,2026-04-06 04:28:16
M000403,Healthcare Merchant 00403,Healthcare,Medan,ACTIVE,SMALL,2026-05-15 10:25:59
M000404,Food & Beverage Merchant 00404,Food & Beverage,Yogyakarta,ACTIVE,SMALL,2024-12-02 06:01:54
M000405,Travel Merchant 00405,Travel,Surabaya,ACTIVE,SMALL,2023-01-25 16:51:00
M000406,Electronics Merchant 00406,Electronics,Jakarta,ACTIVE,SMALL,2025-01-25 13:47:35
M000407,Travel Merchant 00407,Travel,Bandung,ACTIVE,SMALL,2024-05-07 11:29:29
M000408,Transportation Merchant 00408,Transportation,Denpasar,ACTIVE,MEDIUM,2024-02-21 07:01:48
M000409,Transportation Merchant 00409,Transportation,Medan,ACTIVE,SMALL,2023-09-01 10:05:58
M000410,Groceries Merchant 00410,Groceries,Tangerang,ACTIVE,SMALL,2022-07-28 19:37:03
M000411,Electronics Merchant 00411,Electronics,Yogyakarta,ACTIVE,SMALL,2023-09-28 22:21:12
M000412,Healthcare Merchant 00412,Healthcare,Yogyakarta,ACTIVE,SMALL,2025-01-01 06:18:02
M000413,Food & Beverage Merchant 00413,Food & Beverage,Surabaya,ACTIVE,SMALL,2024-11-25 12:03:41
M000414,Food & Beverage Merchant 00414,Food & Beverage,Palembang,ACTIVE,SMALL,2023-03-01 22:20:59
M000415,Healthcare Merchant 00415,Healthcare,Medan,ACTIVE,LARGE,2022-02-26 01:03:45
M000416,Fashion Merchant 00416,Fashion,Tangerang,ACTIVE,MEDIUM,2024-07-12 02:03:26
M000417,Fashion Merchant 00417,Fashion,Tangerang,INACTIVE,SMALL,2023-04-21 06:58:25
M000418,Retail Merchant 00418,Retail,Medan,ACTIVE,SMALL,2025-02-22 05:29:05
M000419,Entertainment Merchant 00419,Entertainment,Yogyakarta,ACTIVE,SMALL,2023-07-27 04:21:07
M000420,Retail Merchant 00420,Retail,Palembang,ACTIVE,SMALL,2024-10-07 15:38:54
M000421,Healthcare Merchant 00421,Healthcare,Tangerang,ACTIVE,SMALL,2023-08-10 19:15:02
M000422,Entertainment Merchant 00422,Entertainment,Yogyakarta,ACTIVE,SMALL,2022-11-05 20:38:29
M000423,Groceries Merchant 00423,Groceries,Jakarta,ACTIVE,SMALL,2022-12-19 00:25:11
M000424,Entertainment Merchant 00424,Entertainment,Jakarta,ACTIVE,SMALL,2022-12-22 05:39:56
M000425,Travel Merchant 00425,Travel,Palembang,ACTIVE,SMALL,2025-11-09 18:04:14
M000426,Entertainment Merchant 00426,Entertainment,Jakarta,ACTIVE,MEDIUM,2023-12-03 14:10:39
M000427,Fashion Merchant 00427,Fashion,Denpasar,ACTIVE,SMALL,2022-01-18 05:06:52
M000428,Education Merchant 00428,Education,Jakarta,ACTIVE,SMALL,2022-08-23 11:00:06
M000429,Food & Beverage Merchant 00429,Food & Beverage,Palembang,ACTIVE,LARGE,2022-11-07 16:15:44
M000430,Retail Merchant 00430,Retail,Denpasar,ACTIVE,SMALL,2023-11-16 19:15:31
M000431,Entertainment Merchant 00431,Entertainment,Tangerang,ACTIVE,SMALL,2024-01-21 14:35:03
M000432,Transportation Merchant 00432,Transportation,Surabaya,ACTIVE,SMALL,2025-08-30 06:01:08
M000433,Healthcare Merchant 00433,Healthcare,Makassar,ACTIVE,MEDIUM,2022-10-24 04:26:32
M000434,Transportation Merchant 00434,Transportation,Tangerang,ACTIVE,MEDIUM,2023-11-20 08:09:06
M000435,Healthcare Merchant 00435,Healthcare,Medan,ACTIVE,MEDIUM,2025-12-13 03:51:07
M000436,Fashion Merchant 00436,Fashion,Makassar,ACTIVE,MEDIUM,2022-11-13 01:36:16
M000437,Electronics Merchant 00437,Electronics,Yogyakarta,ACTIVE,MEDIUM,2023-02-12 20:24:00
M000438,Groceries Merchant 00438,Groceries,Surabaya,ACTIVE,SMALL,2022-11-07 20:14:45
M000439,Food & Beverage Merchant 00439,Food & Beverage,Jakarta,ACTIVE,SMALL,2024-03-04 10:03:42
M000440,Groceries Merchant 00440,Groceries,Makassar,ACTIVE,SMALL,2022-04-13 05:39:58
M000441,Fashion Merchant 00441,Fashion,Makassar,ACTIVE,MEDIUM,2023-09-06 01:26:37
M000442,Electronics Merchant 00442,Electronics,Medan,ACTIVE,SMALL,2022-09-17 20:01:09
M000443,Food & Beverage Merchant 00443,Food & Beverage,Jakarta,INACTIVE,SMALL,2024-12-03 16:59:01
M000444,Groceries Merchant 00444,Groceries,Palembang,ACTIVE,SMALL,2023-07-29 21:42:39
M000445,Entertainment Merchant 00445,Entertainment,Jakarta,ACTIVE,SMALL,2026-01-09 09:28:22
M000446,Travel Merchant 00446,Travel,Denpasar,ACTIVE,SMALL,2026-07-07 06:23:54
M000447,Fashion Merchant 00447,Fashion,Palembang,ACTIVE,SMALL,2025-03-01 16:28:51
M000448,Groceries Merchant 00448,Groceries,Medan,ACTIVE,SMALL,2024-03-22 11:25:07
M000449,Retail Merchant 00449,Retail,Palembang,INACTIVE,SMALL,2024-12-12 06:19:07
M000450,Groceries Merchant 00450,Groceries,Yogyakarta,ACTIVE,LARGE,2022-04-29 04:19:43
M000451,Groceries Merchant 00451,Groceries,Bandung,ACTIVE,MEDIUM,2024-08-23 14:19:43
M000452,Travel Merchant 00452,Travel,Surabaya,ACTIVE,SMALL,2024-07-25 23:13:18
M000453,Electronics Merchant 00453,Electronics,Semarang,ACTIVE,SMALL,2026-07-13 08:36:20
M000454,Education Merchant 00454,Education,Medan,ACTIVE,SMALL,2022-08-14 17:00:32
M000455,Entertainment Merchant 00455,Entertainment,Denpasar,ACTIVE,SMALL,2024-05-15 01:41:52
M000456,Travel Merchant 00456,Travel,Surabaya,ACTIVE,SMALL,2025-12-26 02:42:48
M000457,Travel Merchant 00457,Travel,Yogyakarta,ACTIVE,LARGE,2026-02-15 14:10:39
M000458,Travel Merchant 00458,Travel,Surabaya,ACTIVE,SMALL,2023-09-10 10:27:11
M000459,Healthcare Merchant 00459,Healthcare,Makassar,ACTIVE,SMALL,2022-01-18 18:51:18
M000460,Healthcare Merchant 00460,Healthcare,Denpasar,ACTIVE,SMALL,2022-09-08 03:49:59
M000461,Entertainment Merchant 00461,Entertainment,Makassar,ACTIVE,SMALL,2022-01-18 07:44:41
M000462,Transportation Merchant 00462,Transportation,Jakarta,ACTIVE,SMALL,2023-08-10 09:35:33
M000463,Transportation Merchant 00463,Transportation,Semarang,ACTIVE,SMALL,2024-06-18 06:59:40
M000464,Electronics Merchant 00464,Electronics,Bandung,ACTIVE,MEDIUM,2024-04-26 11:25:09
M000465,Travel Merchant 00465,Travel,Palembang,ACTIVE,SMALL,2025-01-28 15:49:10
M000466,Groceries Merchant 00466,Groceries,Yogyakarta,ACTIVE,MEDIUM,2026-05-09 05:20:22
M000467,Fashion Merchant 00467,Fashion,Semarang,ACTIVE,SMALL,2026-05-24 16:56:50
M000468,Transportation Merchant 00468,Transportation,Medan,INACTIVE,SMALL,2024-06-23 11:11:32
M000469,Transportation Merchant 00469,Transportation,Bandung,ACTIVE,SMALL,2026-03-11 01:46:33
M000470,Food & Beverage Merchant 00470,Food & Beverage,Surabaya,ACTIVE,SMALL,2024-03-28 14:38:04
M000471,Transportation Merchant 00471,Transportation,Jakarta,ACTIVE,SMALL,2022-03-07 12:48:03
M000472,Electronics Merchant 00472,Electronics,Bandung,ACTIVE,SMALL,2022-06-07 08:51:49
M000473,Transportation Merchant 00473,Transportation,Tangerang,ACTIVE,SMALL,2022-01-24 01:17:33
M000474,Retail Merchant 00474,Retail,Bandung,ACTIVE,MEDIUM,2022-10-10 03:11:41
M000475,Food & Beverage Merchant 00475,Food & Beverage,Denpasar,ACTIVE,SMALL,2024-07-20 00:38:41
M000476,Healthcare Merchant 00476,Healthcare,Tangerang,ACTIVE,SMALL,2024-12-05 19:27:33
M000477,Electronics Merchant 00477,Electronics,Yogyakarta,ACTIVE,SMALL,2025-12-25 15:01:10
M000478,Retail Merchant 00478,Retail,Yogyakarta,ACTIVE,SMALL,2023-06-07 15:11:52
M000479,Entertainment Merchant 00479,Entertainment,Palembang,INACTIVE,SMALL,2023-10-30 20:32:19
M000480,Entertainment Merchant 00480,Entertainment,Medan,ACTIVE,SMALL,2024-08-07 15:25:34
M000481,Healthcare Merchant 00481,Healthcare,Medan,INACTIVE,MEDIUM,2022-07-04 09:30:43
M000482,Entertainment Merchant 00482,Entertainment,Denpasar,ACTIVE,SMALL,2024-07-24 15:14:43
M000483,Healthcare Merchant 00483,Healthcare,Jakarta,ACTIVE,SMALL,2024-11-11 22:46:22
M000484,Groceries Merchant 00484,Groceries,Medan,INACTIVE,SMALL,2026-05-19 08:38:40
M000485,Electronics Merchant 00485,Electronics,Palembang,ACTIVE,SMALL,2023-03-29 00:16:25
M000486,Education Merchant 00486,Education,Bandung,ACTIVE,MEDIUM,2022-10-30 19:58:21
M000487,Fashion Merchant 00487,Fashion,Bandung,ACTIVE,SMALL,2023-12-25 21:08:50
M000488,Electronics Merchant 00488,Electronics,Palembang,ACTIVE,MEDIUM,2024-10-13 05:35:28
M000489,Fashion Merchant 00489,Fashion,Medan,ACTIVE,SMALL,2022-03-31 14:52:39
M000490,Fashion Merchant 00490,Fashion,Bandung,ACTIVE,SMALL,2023-03-22 22:10:49
M000491,Education Merchant 00491,Education,Medan,ACTIVE,SMALL,2024-08-13 14:18:36
M000492,Healthcare Merchant 00492,Healthcare,Semarang,ACTIVE,MEDIUM,2024-12-19 08:21:08
M000493,Electronics Merchant 00493,Electronics,Semarang,ACTIVE,SMALL,2023-03-19 17:23:51
M000494,Electronics Merchant 00494,Electronics,Yogyakarta,ACTIVE,MEDIUM,2025-09-12 20:28:42
M000495,Electronics Merchant 00495,Electronics,Denpasar,SUSPENDED,MEDIUM,2023-10-30 01:44:01
M000496,Food & Beverage Merchant 00496,Food & Beverage,Medan,ACTIVE,MEDIUM,2023-07-05 13:59:41
M000497,Transportation Merchant 00497,Transportation,Palembang,ACTIVE,SMALL,2023-06-03 07:29:43
M000498,Groceries Merchant 00498,Groceries,Surabaya,ACTIVE,SMALL,2023-11-24 14:09:20
M000499,Food & Beverage Merchant 00499,Food & Beverage,Semarang,ACTIVE,MEDIUM,2026-02-04 19:53:08
M000500,Transportation Merchant 00500,Transportation,Surabaya,ACTIVE,MEDIUM,2024-03-23 17:15:18
M000501,Entertainment Merchant 00501,Entertainment,Jakarta,ACTIVE,SMALL,2026-01-21 17:20:18
M000502,Education Merchant 00502,Education,Makassar,ACTIVE,SMALL,2023-05-13 00:52:30
M000503,Electronics Merchant 00503,Electronics,Makassar,ACTIVE,SMALL,2024-12-01 05:03:23
M000504,Entertainment Merchant 00504,Entertainment,Makassar,INACTIVE,MEDIUM,2023-07-15 23:17:27
M000505,Groceries Merchant 00505,Groceries,Medan,ACTIVE,MEDIUM,2022-06-06 07:33:58
M000506,Retail Merchant 00506,Retail,Jakarta,ACTIVE,SMALL,2024-02-10 01:16:30
M000507,Retail Merchant 00507,Retail,Palembang,ACTIVE,SMALL,2026-04-27 10:56:36
M000508,Entertainment Merchant 00508,Entertainment,Palembang,ACTIVE,MEDIUM,2025-01-05 15:57:05
M000509,Healthcare Merchant 00509,Healthcare,Bandung,ACTIVE,SMALL,2022-03-16 03:33:03
M000510,Transportation Merchant 00510,Transportation,Palembang,ACTIVE,SMALL,2024-02-26 12:48:01
M000511,Groceries Merchant 00511,Groceries,Denpasar,ACTIVE,SMALL,2026-06-10 16:39:17
M000512,Fashion Merchant 00512,Fashion,Semarang,INACTIVE,SMALL,2023-12-02 09:22:08
M000513,Travel Merchant 00513,Travel,Tangerang,ACTIVE,SMALL,2022-05-24 07:56:27
M000514,Entertainment Merchant 00514,Entertainment,Denpasar,ACTIVE,SMALL,2024-03-16 08:03:39
M000515,Electronics Merchant 00515,Electronics,Bandung,ACTIVE,SMALL,2022-10-11 03:17:07
M000516,Groceries Merchant 00516,Groceries,Semarang,ACTIVE,SMALL,2023-09-20 05:01:02
M000517,Education Merchant 00517,Education,Surabaya,ACTIVE,SMALL,2022-04-29 15:43:19
M000518,Entertainment Merchant 00518,Entertainment,Yogyakarta,ACTIVE,SMALL,2022-08-11 17:46:31
M000519,Transportation Merchant 00519,Transportation,Medan,ACTIVE,SMALL,2022-10-22 22:52:33
M000520,Entertainment Merchant 00520,Entertainment,Denpasar,SUSPENDED,SMALL,2024-12-26 19:40:57
M000521,Transportation Merchant 00521,Transportation,Denpasar,ACTIVE,SMALL,2023-08-11 14:57:19
M000522,Groceries Merchant 00522,Groceries,Makassar,ACTIVE,MEDIUM,2022-07-02 17:34:36
M000523,Healthcare Merchant 00523,Healthcare,Yogyakarta,ACTIVE,MEDIUM,2024-09-27 15:43:01
M000524,Entertainment Merchant 00524,Entertainment,Palembang,ACTIVE,SMALL,2023-08-17 08:46:03
M000525,Entertainment Merchant 00525,Entertainment,Bandung,ACTIVE,MEDIUM,2023-01-07 18:44:40
M000526,Fashion Merchant 00526,Fashion,Denpasar,SUSPENDED,SMALL,2025-01-03 06:46:19
M000527,Electronics Merchant 00527,Electronics,Jakarta,ACTIVE,SMALL,2022-12-11 02:14:02
M000528,Entertainment Merchant 00528,Entertainment,Tangerang,ACTIVE,LARGE,2025-10-30 09:22:47
M000529,Groceries Merchant 00529,Groceries,Medan,ACTIVE,SMALL,2023-02-24 11:30:55
M000530,Education Merchant 00530,Education,Makassar,ACTIVE,SMALL,2025-08-25 04:05:58
M000531,Electronics Merchant 00531,Electronics,Makassar,ACTIVE,SMALL,2023-03-01 11:14:20
M000532,Entertainment Merchant 00532,Entertainment,Bandung,ACTIVE,SMALL,2022-11-23 11:21:51
M000533,Electronics Merchant 00533,Electronics,Surabaya,ACTIVE,SMALL,2022-01-01 07:52:55
M000534,Entertainment Merchant 00534,Entertainment,Makassar,ACTIVE,SMALL,2025-10-23 06:00:28
M000535,Entertainment Merchant 00535,Entertainment,Makassar,ACTIVE,SMALL,2025-11-07 05:45:08
M000536,Healthcare Merchant 00536,Healthcare,Tangerang,ACTIVE,SMALL,2025-07-02 10:51:11
M000537,Healthcare Merchant 00537,Healthcare,Jakarta,ACTIVE,SMALL,2023-04-12 12:48:56
M000538,Education Merchant 00538,Education,Medan,ACTIVE,SMALL,2026-02-24 16:07:16
M000539,Fashion Merchant 00539,Fashion,Medan,ACTIVE,SMALL,2023-12-07 00:18:16
M000540,Entertainment Merchant 00540,Entertainment,Medan,ACTIVE,LARGE,2025-07-14 20:08:35
M000541,Transportation Merchant 00541,Transportation,Denpasar,ACTIVE,SMALL,2025-03-07 06:10:47
M000542,Groceries Merchant 00542,Groceries,Bandung,ACTIVE,SMALL,2022-12-15 17:28:54
M000543,Education Merchant 00543,Education,Medan,ACTIVE,LARGE,2024-06-26 06:10:02
M000544,Fashion Merchant 00544,Fashion,Jakarta,ACTIVE,MEDIUM,2022-06-14 18:43:02
M000545,Travel Merchant 00545,Travel,Makassar,ACTIVE,SMALL,2022-06-30 04:14:43
M000546,Transportation Merchant 00546,Transportation,Jakarta,ACTIVE,SMALL,2026-07-07 00:59:25
M000547,Groceries Merchant 00547,Groceries,Palembang,ACTIVE,SMALL,2024-03-10 11:19:20
M000548,Transportation Merchant 00548,Transportation,Surabaya,ACTIVE,SMALL,2025-05-04 14:25:57
M000549,Retail Merchant 00549,Retail,Jakarta,ACTIVE,SMALL,2024-01-15 19:20:36
M000550,Education Merchant 00550,Education,Makassar,ACTIVE,SMALL,2023-07-05 06:54:56
M000551,Fashion Merchant 00551,Fashion,Semarang,ACTIVE,SMALL,2024-09-20 13:51:55
M000552,Entertainment Merchant 00552,Entertainment,Semarang,ACTIVE,SMALL,2026-01-22 04:14:15
M000553,Education Merchant 00553,Education,Yogyakarta,ACTIVE,SMALL,2023-09-14 15:35:30
M000554,Transportation Merchant 00554,Transportation,Makassar,ACTIVE,SMALL,2026-03-04 22:23:57
M000555,Retail Merchant 00555,Retail,Yogyakarta,ACTIVE,MEDIUM,2023-03-23 13:12:18
M000556,Electronics Merchant 00556,Electronics,Medan,ACTIVE,SMALL,2022-02-20 00:51:52
M000557,Food & Beverage Merchant 00557,Food & Beverage,Surabaya,ACTIVE,MEDIUM,2024-07-14 11:58:38
M000558,Travel Merchant 00558,Travel,Denpasar,ACTIVE,SMALL,2026-04-26 23:10:37
M000559,Food & Beverage Merchant 00559,Food & Beverage,Tangerang,ACTIVE,SMALL,2024-05-17 21:17:54
M000560,Travel Merchant 00560,Travel,Medan,ACTIVE,SMALL,2023-10-21 04:06:17
M000561,Travel Merchant 00561,Travel,Yogyakarta,ACTIVE,SMALL,2024-04-08 01:18:58
M000562,Fashion Merchant 00562,Fashion,Tangerang,ACTIVE,SMALL,2024-05-18 18:43:50
M000563,Healthcare Merchant 00563,Healthcare,Medan,ACTIVE,SMALL,2023-09-03 02:45:47
M000564,Education Merchant 00564,Education,Surabaya,ACTIVE,MEDIUM,2024-11-09 19:20:36
M000565,Healthcare Merchant 00565,Healthcare,Semarang,ACTIVE,SMALL,2022-11-23 19:56:46
M000566,Education Merchant 00566,Education,Surabaya,ACTIVE,SMALL,2023-04-10 15:34:25
M000567,Fashion Merchant 00567,Fashion,Bandung,ACTIVE,SMALL,2025-07-09 05:51:35
M000568,Electronics Merchant 00568,Electronics,Tangerang,ACTIVE,SMALL,2026-06-21 22:20:06
M000569,Education Merchant 00569,Education,Denpasar,ACTIVE,SMALL,2023-05-06 20:36:25
M000570,Retail Merchant 00570,Retail,Medan,ACTIVE,SMALL,2022-07-11 02:42:17
M000571,Retail Merchant 00571,Retail,Tangerang,ACTIVE,MEDIUM,2025-09-01 11:29:10
M000572,Education Merchant 00572,Education,Yogyakarta,ACTIVE,SMALL,2022-10-14 14:48:26
M000573,Transportation Merchant 00573,Transportation,Surabaya,ACTIVE,SMALL,2025-09-26 18:36:15
M000574,Retail Merchant 00574,Retail,Denpasar,INACTIVE,SMALL,2023-03-19 11:27:25
M000575,Healthcare Merchant 00575,Healthcare,Tangerang,SUSPENDED,SMALL,2025-10-23 09:46:19
M000576,Retail Merchant 00576,Retail,Semarang,ACTIVE,SMALL,2024-05-10 11:37:25
M000577,Fashion Merchant 00577,Fashion,Denpasar,ACTIVE,SMALL,2024-04-04 09:12:14
M000578,Food & Beverage Merchant 00578,Food & Beverage,Semarang,ACTIVE,MEDIUM,2023-07-08 22:40:29
M000579,Transportation Merchant 00579,Transportation,Medan,ACTIVE,SMALL,2024-11-27 09:53:30
M000580,Education Merchant 00580,Education,Tangerang,ACTIVE,SMALL,2025-10-06 13:18:57
M000581,Travel Merchant 00581,Travel,Bandung,ACTIVE,SMALL,2025-11-18 21:20:27
M000582,Groceries Merchant 00582,Groceries,Denpasar,ACTIVE,SMALL,2025-09-14 02:28:05
M000583,Groceries Merchant 00583,Groceries,Semarang,ACTIVE,SMALL,2025-05-23 23:19:52
M000584,Travel Merchant 00584,Travel,Yogyakarta,ACTIVE,SMALL,2024-01-31 05:13:20
M000585,Education Merchant 00585,Education,Medan,ACTIVE,SMALL,2022-06-05 08:35:29
M000586,Food & Beverage Merchant 00586,Food & Beverage,Denpasar,ACTIVE,SMALL,2022-04-30 21:40:17
M000587,Groceries Merchant 00587,Groceries,Medan,ACTIVE,SMALL,2026-07-07 15:38:52
M000588,Electronics Merchant 00588,Electronics,Tangerang,ACTIVE,MEDIUM,2023-11-03 12:48:40
M000589,Fashion Merchant 00589,Fashion,Palembang,ACTIVE,SMALL,2022-08-25 19:57:58
M000590,Transportation Merchant 00590,Transportation,Makassar,ACTIVE,SMALL,2026-03-05 08:58:43
M000591,Transportation Merchant 00591,Transportation,Tangerang,ACTIVE,SMALL,2025-07-24 23:13:27
M000592,Retail Merchant 00592,Retail,Bandung,ACTIVE,SMALL,2023-07-30 02:39:05
M000593,Fashion Merchant 00593,Fashion,Palembang,ACTIVE,SMALL,2026-04-14 16:00:45
M000594,Education Merchant 00594,Education,Surabaya,ACTIVE,SMALL,2022-11-18 13:08:57
M000595,Travel Merchant 00595,Travel,Palembang,ACTIVE,SMALL,2025-04-05 05:19:06
M000596,Fashion Merchant 00596,Fashion,Medan,ACTIVE,MEDIUM,2026-01-23 00:56:00
M000597,Retail Merchant 00597,Retail,Jakarta,ACTIVE,SMALL,2024-10-17 04:10:44
M000598,Travel Merchant 00598,Travel,Denpasar,ACTIVE,MEDIUM,2025-01-02 13:21:51
M000599,Entertainment Merchant 00599,Entertainment,Semarang,ACTIVE,MEDIUM,2023-10-22 06:45:32
M000600,Electronics Merchant 00600,Electronics,Makassar,ACTIVE,SMALL,2025-07-03 19:00:17
M000601,Food & Beverage Merchant 00601,Food & Beverage,Tangerang,ACTIVE,MEDIUM,2022-01-07 04:36:07
M000602,Fashion Merchant 00602,Fashion,Tangerang,ACTIVE,MEDIUM,2024-07-02 22:10:56
M000603,Fashion Merchant 00603,Fashion,Tangerang,ACTIVE,SMALL,2024-03-22 00:45:17
M000604,Travel Merchant 00604,Travel,Medan,ACTIVE,MEDIUM,2023-05-24 13:55:46
M000605,Retail Merchant 00605,Retail,Yogyakarta,ACTIVE,MEDIUM,2025-05-23 15:23:40
M000606,Groceries Merchant 00606,Groceries,Tangerang,INACTIVE,SMALL,2025-07-02 17:36:14
M000607,Electronics Merchant 00607,Electronics,Denpasar,ACTIVE,SMALL,2022-05-07 01:21:15
M000608,Travel Merchant 00608,Travel,Yogyakarta,ACTIVE,MEDIUM,2023-02-17 10:02:42
M000609,Transportation Merchant 00609,Transportation,Yogyakarta,ACTIVE,MEDIUM,2025-04-05 19:35:16
M000610,Fashion Merchant 00610,Fashion,Yogyakarta,ACTIVE,MEDIUM,2026-03-03 03:41:07
M000611,Travel Merchant 00611,Travel,Yogyakarta,ACTIVE,SMALL,2023-12-18 16:01:02
M000612,Transportation Merchant 00612,Transportation,Makassar,ACTIVE,SMALL,2025-04-13 06:38:08
M000613,Fashion Merchant 00613,Fashion,Medan,ACTIVE,MEDIUM,2023-02-02 22:45:15
M000614,Food & Beverage Merchant 00614,Food & Beverage,Jakarta,ACTIVE,LARGE,2025-06-06 03:52:35
M000615,Healthcare Merchant 00615,Healthcare,Makassar,ACTIVE,SMALL,2025-11-07 21:15:11
M000616,Entertainment Merchant 00616,Entertainment,Jakarta,ACTIVE,LARGE,2022-02-04 17:27:22
M000617,Retail Merchant 00617,Retail,Medan,ACTIVE,SMALL,2024-05-06 13:46:10
M000618,Transportation Merchant 00618,Transportation,Palembang,INACTIVE,SMALL,2026-05-05 15:32:21
M000619,Retail Merchant 00619,Retail,Bandung,INACTIVE,SMALL,2022-06-08 02:18:35
M000620,Healthcare Merchant 00620,Healthcare,Surabaya,ACTIVE,SMALL,2025-11-28 10:28:03
M000621,Food & Beverage Merchant 00621,Food & Beverage,Denpasar,ACTIVE,SMALL,2023-02-12 04:15:40
M000622,Fashion Merchant 00622,Fashion,Denpasar,ACTIVE,SMALL,2022-02-07 08:23:06
M000623,Electronics Merchant 00623,Electronics,Yogyakarta,ACTIVE,SMALL,2026-04-11 07:26:54
M000624,Electronics Merchant 00624,Electronics,Surabaya,ACTIVE,SMALL,2023-01-20 01:59:30
M000625,Education Merchant 00625,Education,Bandung,ACTIVE,SMALL,2025-03-06 23:17:50
M000626,Education Merchant 00626,Education,Semarang,SUSPENDED,MEDIUM,2025-07-10 21:36:06
M000627,Groceries Merchant 00627,Groceries,Palembang,ACTIVE,SMALL,2022-05-05 16:36:35
M000628,Groceries Merchant 00628,Groceries,Palembang,ACTIVE,SMALL,2022-01-12 09:18:35
M000629,Groceries Merchant 00629,Groceries,Surabaya,ACTIVE,MEDIUM,2022-03-23 04:29:41
M000630,Entertainment Merchant 00630,Entertainment,Semarang,ACTIVE,SMALL,2023-07-12 19:12:15
M000631,Education Merchant 00631,Education,Bandung,ACTIVE,MEDIUM,2025-04-20 06:36:00
M000632,Healthcare Merchant 00632,Healthcare,Bandung,INACTIVE,LARGE,2025-07-07 20:45:52
M000633,Healthcare Merchant 00633,Healthcare,Palembang,ACTIVE,SMALL,2026-01-09 11:28:15
M000634,Education Merchant 00634,Education,Yogyakarta,ACTIVE,SMALL,2025-09-06 23:14:35
M000635,Education Merchant 00635,Education,Makassar,ACTIVE,SMALL,2023-07-24 02:06:55
M000636,Food & Beverage Merchant 00636,Food & Beverage,Semarang,ACTIVE,SMALL,2026-03-27 19:48:36
M000637,Electronics Merchant 00637,Electronics,Palembang,INACTIVE,MEDIUM,2023-11-10 12:31:43
M000638,Transportation Merchant 00638,Transportation,Tangerang,ACTIVE,SMALL,2023-09-17 19:27:46
M000639,Transportation Merchant 00639,Transportation,Palembang,ACTIVE,SMALL,2023-06-30 11:07:51
M000640,Food & Beverage Merchant 00640,Food & Beverage,Tangerang,ACTIVE,LARGE,2024-04-03 12:49:39
M000641,Groceries Merchant 00641,Groceries,Yogyakarta,ACTIVE,SMALL,2023-01-03 21:02:54
M000642,Fashion Merchant 00642,Fashion,Yogyakarta,ACTIVE,SMALL,2022-08-30 08:32:37
M000643,Travel Merchant 00643,Travel,Palembang,INACTIVE,SMALL,2024-03-02 17:57:08
M000644,Fashion Merchant 00644,Fashion,Denpasar,ACTIVE,SMALL,2025-02-09 02:16:42
M000645,Groceries Merchant 00645,Groceries,Denpasar,ACTIVE,SMALL,2024-07-10 03:55:11
M000646,Healthcare Merchant 00646,Healthcare,Tangerang,INACTIVE,MEDIUM,2023-10-14 11:16:36
M000647,Food & Beverage Merchant 00647,Food & Beverage,Denpasar,ACTIVE,MEDIUM,2024-03-24 13:59:53
M000648,Healthcare Merchant 00648,Healthcare,Semarang,ACTIVE,MEDIUM,2022-03-22 06:13:51
M000649,Groceries Merchant 00649,Groceries,Jakarta,ACTIVE,MEDIUM,2025-12-26 11:50:23
M000650,Education Merchant 00650,Education,Semarang,ACTIVE,SMALL,2023-02-19 11:49:13
M000651,Healthcare Merchant 00651,Healthcare,Surabaya,ACTIVE,MEDIUM,2025-04-21 17:37:02
M000652,Fashion Merchant 00652,Fashion,Tangerang,ACTIVE,SMALL,2025-07-06 16:23:31
M000653,Fashion Merchant 00653,Fashion,Bandung,ACTIVE,MEDIUM,2024-02-20 11:29:12
M000654,Travel Merchant 00654,Travel,Bandung,ACTIVE,MEDIUM,2026-04-06 14:44:13
M000655,Education Merchant 00655,Education,Palembang,ACTIVE,SMALL,2025-08-27 03:29:37
M000656,Fashion Merchant 00656,Fashion,Medan,ACTIVE,MEDIUM,2022-05-16 05:22:58
M000657,Food & Beverage Merchant 00657,Food & Beverage,Jakarta,ACTIVE,MEDIUM,2022-12-22 17:44:57
M000658,Fashion Merchant 00658,Fashion,Tangerang,ACTIVE,MEDIUM,2022-09-04 00:42:15
M000659,Fashion Merchant 00659,Fashion,Yogyakarta,ACTIVE,MEDIUM,2026-01-03 09:08:57
M000660,Food & Beverage Merchant 00660,Food & Beverage,Jakarta,ACTIVE,MEDIUM,2025-04-05 05:56:16
M000661,Groceries Merchant 00661,Groceries,Jakarta,ACTIVE,SMALL,2023-07-10 20:53:02
M000662,Transportation Merchant 00662,Transportation,Yogyakarta,ACTIVE,MEDIUM,2022-03-19 08:01:24
M000663,Groceries Merchant 00663,Groceries,Medan,ACTIVE,SMALL,2024-08-14 18:50:23
M000664,Groceries Merchant 00664,Groceries,Surabaya,ACTIVE,MEDIUM,2026-05-09 13:35:03
M000665,Healthcare Merchant 00665,Healthcare,Makassar,ACTIVE,SMALL,2024-02-11 05:55:04
M000666,Groceries Merchant 00666,Groceries,Jakarta,ACTIVE,SMALL,2023-07-16 08:15:48
M000667,Retail Merchant 00667,Retail,Surabaya,ACTIVE,SMALL,2024-08-23 14:36:39
M000668,Healthcare Merchant 00668,Healthcare,Yogyakarta,ACTIVE,SMALL,2024-03-18 13:24:15
M000669,Retail Merchant 00669,Retail,Surabaya,ACTIVE,SMALL,2023-08-01 16:40:23
M000670,Groceries Merchant 00670,Groceries,Makassar,ACTIVE,MEDIUM,2022-03-14 01:02:03
M000671,Food & Beverage Merchant 00671,Food & Beverage,Tangerang,ACTIVE,MEDIUM,2024-03-12 00:49:27
M000672,Retail Merchant 00672,Retail,Bandung,INACTIVE,LARGE,2024-02-24 16:39:48
M000673,Travel Merchant 00673,Travel,Yogyakarta,ACTIVE,SMALL,2023-08-11 19:21:03
M000674,Entertainment Merchant 00674,Entertainment,Makassar,ACTIVE,SMALL,2024-11-01 12:35:58
M000675,Healthcare Merchant 00675,Healthcare,Makassar,INACTIVE,SMALL,2023-05-10 20:31:59
M000676,Fashion Merchant 00676,Fashion,Yogyakarta,SUSPENDED,SMALL,2022-10-31 01:00:59
M000677,Education Merchant 00677,Education,Tangerang,INACTIVE,MEDIUM,2024-09-19 15:31:57
M000678,Education Merchant 00678,Education,Semarang,ACTIVE,SMALL,2023-11-16 10:09:51
M000679,Food & Beverage Merchant 00679,Food & Beverage,Tangerang,ACTIVE,MEDIUM,2024-10-02 07:42:29
M000680,Education Merchant 00680,Education,Surabaya,ACTIVE,SMALL,2023-07-04 03:46:17
M000681,Travel Merchant 00681,Travel,Denpasar,ACTIVE,SMALL,2026-05-08 08:26:11
M000682,Fashion Merchant 00682,Fashion,Surabaya,INACTIVE,SMALL,2025-02-25 20:15:28
M000683,Transportation Merchant 00683,Transportation,Bandung,ACTIVE,SMALL,2022-07-04 12:07:05
M000684,Transportation Merchant 00684,Transportation,Jakarta,ACTIVE,SMALL,2024-06-09 22:05:39
M000685,Retail Merchant 00685,Retail,Semarang,ACTIVE,MEDIUM,2025-06-13 08:12:05
M000686,Groceries Merchant 00686,Groceries,Palembang,ACTIVE,SMALL,2024-01-05 06:11:30
M000687,Healthcare Merchant 00687,Healthcare,Palembang,ACTIVE,MEDIUM,2026-04-04 16:43:17
M000688,Fashion Merchant 00688,Fashion,Jakarta,ACTIVE,SMALL,2024-06-20 02:41:40
M000689,Education Merchant 00689,Education,Tangerang,ACTIVE,SMALL,2022-03-08 07:02:27
M000690,Electronics Merchant 00690,Electronics,Tangerang,ACTIVE,MEDIUM,2022-12-20 02:53:11
M000691,Transportation Merchant 00691,Transportation,Denpasar,ACTIVE,SMALL,2023-02-04 12:46:30
M000692,Food & Beverage Merchant 00692,Food & Beverage,Semarang,ACTIVE,SMALL,2022-08-11 00:34:00
M000693,Travel Merchant 00693,Travel,Jakarta,ACTIVE,MEDIUM,2024-07-31 07:44:32
M000694,Retail Merchant 00694,Retail,Bandung,ACTIVE,SMALL,2026-03-18 17:46:35
M000695,Education Merchant 00695,Education,Semarang,ACTIVE,SMALL,2023-11-26 14:42:29
M000696,Electronics Merchant 00696,Electronics,Tangerang,ACTIVE,LARGE,2025-08-10 00:25:08
M000697,Education Merchant 00697,Education,Palembang,ACTIVE,MEDIUM,2022-06-17 15:53:57
M000698,Fashion Merchant 00698,Fashion,Palembang,ACTIVE,MEDIUM,2026-06-28 21:56:44
M000699,Electronics Merchant 00699,Electronics,Jakarta,ACTIVE,MEDIUM,2024-09-02 22:07:05
M000700,Travel Merchant 00700,Travel,Bandung,ACTIVE,SMALL,2023-08-12 09:26:41
M000701,Fashion Merchant 00701,Fashion,Denpasar,ACTIVE,MEDIUM,2023-03-18 22:06:24
M000702,Healthcare Merchant 00702,Healthcare,Medan,INACTIVE,SMALL,2022-04-26 12:31:00
M000703,Healthcare Merchant 00703,Healthcare,Bandung,ACTIVE,MEDIUM,2026-04-02 02:44:30
M000704,Travel Merchant 00704,Travel,Makassar,ACTIVE,SMALL,2026-04-25 09:25:31
M000705,Entertainment Merchant 00705,Entertainment,Surabaya,ACTIVE,SMALL,2023-10-22 11:48:09
M000706,Food & Beverage Merchant 00706,Food & Beverage,Medan,ACTIVE,MEDIUM,2025-11-03 20:13:11
M000707,Fashion Merchant 00707,Fashion,Medan,ACTIVE,SMALL,2025-12-08 01:51:10
M000708,Electronics Merchant 00708,Electronics,Jakarta,ACTIVE,MEDIUM,2023-12-22 20:46:40
M000709,Entertainment Merchant 00709,Entertainment,Bandung,ACTIVE,SMALL,2022-04-05 20:18:37
M000710,Transportation Merchant 00710,Transportation,Surabaya,ACTIVE,SMALL,2024-03-06 22:53:56
M000711,Travel Merchant 00711,Travel,Semarang,ACTIVE,SMALL,2025-07-22 04:22:23
M000712,Retail Merchant 00712,Retail,Jakarta,ACTIVE,SMALL,2024-07-23 13:20:42
M000713,Groceries Merchant 00713,Groceries,Medan,ACTIVE,LARGE,2024-03-31 07:15:39
M000714,Food & Beverage Merchant 00714,Food & Beverage,Jakarta,ACTIVE,SMALL,2023-03-15 05:59:55
M000715,Healthcare Merchant 00715,Healthcare,Palembang,ACTIVE,SMALL,2025-04-16 13:25:49
M000716,Groceries Merchant 00716,Groceries,Medan,INACTIVE,SMALL,2025-03-11 12:56:32
M000717,Entertainment Merchant 00717,Entertainment,Palembang,ACTIVE,SMALL,2023-11-25 10:54:37
M000718,Electronics Merchant 00718,Electronics,Bandung,ACTIVE,SMALL,2026-02-18 11:07:00
M000719,Entertainment Merchant 00719,Entertainment,Surabaya,ACTIVE,SMALL,2023-12-13 13:35:46
M000720,Retail Merchant 00720,Retail,Semarang,ACTIVE,SMALL,2022-10-17 17:50:48
M000721,Entertainment Merchant 00721,Entertainment,Yogyakarta,ACTIVE,SMALL,2025-09-22 16:37:44
M000722,Healthcare Merchant 00722,Healthcare,Denpasar,ACTIVE,SMALL,2025-12-27 05:39:51
M000723,Groceries Merchant 00723,Groceries,Makassar,ACTIVE,MEDIUM,2023-11-13 19:52:47
M000724,Entertainment Merchant 00724,Entertainment,Bandung,ACTIVE,LARGE,2022-09-20 19:16:45
M000725,Education Merchant 00725,Education,Bandung,ACTIVE,SMALL,2024-11-01 17:53:00
M000726,Transportation Merchant 00726,Transportation,Bandung,ACTIVE,MEDIUM,2025-11-18 23:24:11
M000727,Entertainment Merchant 00727,Entertainment,Medan,ACTIVE,SMALL,2023-07-06 13:18:05
M000728,Retail Merchant 00728,Retail,Tangerang,ACTIVE,SMALL,2023-04-10 21:38:41
M000729,Travel Merchant 00729,Travel,Surabaya,ACTIVE,SMALL,2025-11-24 12:47:13
M000730,Fashion Merchant 00730,Fashion,Yogyakarta,ACTIVE,MEDIUM,2024-02-25 01:48:38
M000731,Fashion Merchant 00731,Fashion,Semarang,ACTIVE,SMALL,2022-12-21 15:25:35
M000732,Transportation Merchant 00732,Transportation,Makassar,ACTIVE,SMALL,2022-05-31 17:09:14
M000733,Food & Beverage Merchant 00733,Food & Beverage,Jakarta,ACTIVE,SMALL,2023-09-27 17:34:28
M000734,Education Merchant 00734,Education,Palembang,ACTIVE,MEDIUM,2024-10-29 00:39:13
M000735,Retail Merchant 00735,Retail,Denpasar,ACTIVE,SMALL,2024-04-21 15:28:58
M000736,Fashion Merchant 00736,Fashion,Medan,ACTIVE,SMALL,2023-04-30 19:50:18
M000737,Food & Beverage Merchant 00737,Food & Beverage,Yogyakarta,ACTIVE,SMALL,2024-04-22 00:52:54
M000738,Healthcare Merchant 00738,Healthcare,Semarang,ACTIVE,SMALL,2026-03-04 14:16:49
M000739,Transportation Merchant 00739,Transportation,Surabaya,ACTIVE,SMALL,2022-12-30 07:18:02
M000740,Transportation Merchant 00740,Transportation,Jakarta,ACTIVE,SMALL,2025-04-07 16:34:12
M000741,Healthcare Merchant 00741,Healthcare,Jakarta,ACTIVE,MEDIUM,2022-11-16 09:38:52
M000742,Groceries Merchant 00742,Groceries,Tangerang,INACTIVE,SMALL,2023-02-14 13:46:59
M000743,Transportation Merchant 00743,Transportation,Jakarta,SUSPENDED,SMALL,2026-04-17 01:43:26
M000744,Groceries Merchant 00744,Groceries,Bandung,ACTIVE,SMALL,2023-04-17 04:25:45
M000745,Transportation Merchant 00745,Transportation,Denpasar,ACTIVE,SMALL,2023-11-29 11:52:32
M000746,Entertainment Merchant 00746,Entertainment,Makassar,ACTIVE,SMALL,2022-04-05 20:39:11
M000747,Transportation Merchant 00747,Transportation,Palembang,INACTIVE,SMALL,2022-05-09 23:56:18
M000748,Food & Beverage Merchant 00748,Food & Beverage,Denpasar,INACTIVE,SMALL,2025-06-26 18:25:18
M000749,Travel Merchant 00749,Travel,Semarang,ACTIVE,SMALL,2023-05-26 16:06:03
M000750,Food & Beverage Merchant 00750,Food & Beverage,Yogyakarta,ACTIVE,SMALL,2023-08-26 06:58:58
M000751,Electronics Merchant 00751,Electronics,Denpasar,ACTIVE,MEDIUM,2023-03-10 11:11:32
M000752,Entertainment Merchant 00752,Entertainment,Makassar,ACTIVE,MEDIUM,2023-08-07 06:15:44
M000753,Groceries Merchant 00753,Groceries,Tangerang,ACTIVE,SMALL,2023-01-19 16:14:31
M000754,Retail Merchant 00754,Retail,Tangerang,ACTIVE,SMALL,2025-02-20 21:58:10
M000755,Groceries Merchant 00755,Groceries,Palembang,ACTIVE,SMALL,2025-10-04 01:47:25
M000756,Healthcare Merchant 00756,Healthcare,Palembang,INACTIVE,MEDIUM,2024-11-09 14:41:05
M000757,Fashion Merchant 00757,Fashion,Tangerang,ACTIVE,MEDIUM,2025-04-06 22:12:43
M000758,Retail Merchant 00758,Retail,Yogyakarta,ACTIVE,SMALL,2024-01-22 21:39:27
M000759,Groceries Merchant 00759,Groceries,Denpasar,ACTIVE,MEDIUM,2022-05-04 01:16:59
M000760,Education Merchant 00760,Education,Medan,ACTIVE,SMALL,2026-05-14 04:06:16
M000761,Electronics Merchant 00761,Electronics,Denpasar,ACTIVE,SMALL,2024-07-08 10:21:16
M000762,Healthcare Merchant 00762,Healthcare,Yogyakarta,ACTIVE,MEDIUM,2025-07-26 10:07:08
M000763,Groceries Merchant 00763,Groceries,Palembang,ACTIVE,MEDIUM,2022-10-24 23:18:40
M000764,Education Merchant 00764,Education,Tangerang,ACTIVE,SMALL,2022-06-21 23:21:03
M000765,Healthcare Merchant 00765,Healthcare,Surabaya,ACTIVE,MEDIUM,2024-12-19 01:51:01
M000766,Retail Merchant 00766,Retail,Jakarta,ACTIVE,SMALL,2023-01-24 06:26:54
M000767,Transportation Merchant 00767,Transportation,Bandung,ACTIVE,SMALL,2024-10-25 14:33:06
M000768,Retail Merchant 00768,Retail,Makassar,ACTIVE,SMALL,2025-05-20 15:29:24
M000769,Education Merchant 00769,Education,Denpasar,ACTIVE,SMALL,2025-04-02 21:25:32
M000770,Travel Merchant 00770,Travel,Denpasar,ACTIVE,SMALL,2024-11-14 09:03:58
M000771,Transportation Merchant 00771,Transportation,Semarang,ACTIVE,SMALL,2022-11-21 20:05:51
M000772,Retail Merchant 00772,Retail,Surabaya,ACTIVE,LARGE,2022-08-14 17:54:08
M000773,Electronics Merchant 00773,Electronics,Palembang,ACTIVE,SMALL,2023-04-03 23:27:46
M000774,Food & Beverage Merchant 00774,Food & Beverage,Semarang,INACTIVE,MEDIUM,2022-07-28 11:48:03
M000775,Transportation Merchant 00775,Transportation,Palembang,ACTIVE,SMALL,2023-06-08 16:05:40
M000776,Groceries Merchant 00776,Groceries,Semarang,ACTIVE,SMALL,2024-10-05 04:42:28
M000777,Travel Merchant 00777,Travel,Yogyakarta,ACTIVE,SMALL,2025-11-02 02:26:33
M000778,Healthcare Merchant 00778,Healthcare,Semarang,ACTIVE,SMALL,2024-09-19 17:42:15
M000779,Food & Beverage Merchant 00779,Food & Beverage,Palembang,ACTIVE,SMALL,2025-01-09 08:50:59
M000780,Healthcare Merchant 00780,Healthcare,Semarang,ACTIVE,SMALL,2024-10-02 04:35:35
M000781,Healthcare Merchant 00781,Healthcare,Tangerang,ACTIVE,SMALL,2026-05-28 07:39:38
M000782,Food & Beverage Merchant 00782,Food & Beverage,Yogyakarta,ACTIVE,SMALL,2026-05-17 18:31:26
M000783,Entertainment Merchant 00783,Entertainment,Medan,ACTIVE,SMALL,2022-06-06 06:42:55
M000784,Electronics Merchant 00784,Electronics,Palembang,ACTIVE,MEDIUM,2026-01-15 22:39:49
M000785,Travel Merchant 00785,Travel,Palembang,ACTIVE,SMALL,2024-06-15 14:10:16
M000786,Entertainment Merchant 00786,Entertainment,Jakarta,ACTIVE,LARGE,2024-08-04 03:00:04
M000787,Food & Beverage Merchant 00787,Food & Beverage,Surabaya,ACTIVE,SMALL,2025-05-14 02:34:55
M000788,Travel Merchant 00788,Travel,Jakarta,ACTIVE,SMALL,2025-04-20 23:43:17
M000789,Travel Merchant 00789,Travel,Semarang,ACTIVE,SMALL,2025-02-10 11:10:57
M000790,Healthcare Merchant 00790,Healthcare,Surabaya,ACTIVE,SMALL,2022-05-31 14:11:51
M000791,Travel Merchant 00791,Travel,Palembang,ACTIVE,MEDIUM,2022-11-24 02:51:12
M000792,Groceries Merchant 00792,Groceries,Jakarta,ACTIVE,MEDIUM,2022-02-27 09:40:11
M000793,Fashion Merchant 00793,Fashion,Denpasar,ACTIVE,SMALL,2026-03-25 06:23:30
M000794,Food & Beverage Merchant 00794,Food & Beverage,Palembang,ACTIVE,SMALL,2023-08-26 17:17:58
M000795,Retail Merchant 00795,Retail,Makassar,ACTIVE,MEDIUM,2026-04-12 15:42:16
M000796,Food & Beverage Merchant 00796,Food & Beverage,Surabaya,ACTIVE,MEDIUM,2023-12-16 01:21:48
M000797,Transportation Merchant 00797,Transportation,Medan,ACTIVE,SMALL,2023-11-16 18:57:47
M000798,Fashion Merchant 00798,Fashion,Denpasar,ACTIVE,SMALL,2025-04-18 13:12:44
M000799,Healthcare Merchant 00799,Healthcare,Surabaya,ACTIVE,SMALL,2022-07-08 07:24:52
M000800,Travel Merchant 00800,Travel,Surabaya,ACTIVE,MEDIUM,2026-03-13 06:28:55
M000801,Transportation Merchant 00801,Transportation,Palembang,ACTIVE,SMALL,2025-01-03 00:49:29
M000802,Retail Merchant 00802,Retail,Surabaya,ACTIVE,MEDIUM,2024-08-13 14:49:11
M000803,Travel Merchant 00803,Travel,Bandung,ACTIVE,SMALL,2025-10-26 14:33:46
M000804,Groceries Merchant 00804,Groceries,Makassar,ACTIVE,SMALL,2023-11-29 01:10:34
M000805,Transportation Merchant 00805,Transportation,Surabaya,ACTIVE,SMALL,2023-11-16 14:42:06
M000806,Electronics Merchant 00806,Electronics,Palembang,ACTIVE,SMALL,2025-01-15 16:19:00
M000807,Entertainment Merchant 00807,Entertainment,Jakarta,ACTIVE,SMALL,2026-05-02 05:44:43
M000808,Retail Merchant 00808,Retail,Yogyakarta,ACTIVE,SMALL,2024-08-01 23:11:44
M000809,Fashion Merchant 00809,Fashion,Semarang,ACTIVE,SMALL,2023-06-21 21:03:30
M000810,Groceries Merchant 00810,Groceries,Bandung,ACTIVE,SMALL,2023-07-05 22:42:22
M000811,Retail Merchant 00811,Retail,Bandung,ACTIVE,MEDIUM,2023-02-04 19:43:24
M000812,Entertainment Merchant 00812,Entertainment,Semarang,ACTIVE,SMALL,2024-10-10 00:16:28
M000813,Electronics Merchant 00813,Electronics,Makassar,ACTIVE,MEDIUM,2024-08-21 06:07:39
M000814,Groceries Merchant 00814,Groceries,Semarang,ACTIVE,LARGE,2022-02-17 18:53:24
M000815,Retail Merchant 00815,Retail,Jakarta,ACTIVE,MEDIUM,2025-06-20 11:36:02
M000816,Education Merchant 00816,Education,Palembang,ACTIVE,SMALL,2022-08-08 04:26:52
M000817,Food & Beverage Merchant 00817,Food & Beverage,Denpasar,ACTIVE,SMALL,2022-10-18 20:05:09
M000818,Transportation Merchant 00818,Transportation,Denpasar,ACTIVE,SMALL,2022-11-14 19:14:49
M000819,Travel Merchant 00819,Travel,Denpasar,INACTIVE,SMALL,2026-02-14 14:38:27
M000820,Food & Beverage Merchant 00820,Food & Beverage,Tangerang,ACTIVE,SMALL,2023-12-21 04:01:10
M000821,Retail Merchant 00821,Retail,Semarang,ACTIVE,SMALL,2024-11-06 08:41:12
M000822,Food & Beverage Merchant 00822,Food & Beverage,Denpasar,ACTIVE,MEDIUM,2025-05-08 08:43:54
M000823,Fashion Merchant 00823,Fashion,Surabaya,ACTIVE,SMALL,2023-08-15 05:43:27
M000824,Entertainment Merchant 00824,Entertainment,Jakarta,ACTIVE,SMALL,2022-06-27 03:35:59
M000825,Groceries Merchant 00825,Groceries,Semarang,ACTIVE,SMALL,2024-01-27 00:07:16
M000826,Entertainment Merchant 00826,Entertainment,Semarang,ACTIVE,SMALL,2022-01-29 02:00:38
M000827,Retail Merchant 00827,Retail,Surabaya,ACTIVE,SMALL,2022-03-05 16:37:51
M000828,Fashion Merchant 00828,Fashion,Palembang,ACTIVE,MEDIUM,2022-08-23 00:16:24
M000829,Education Merchant 00829,Education,Medan,ACTIVE,SMALL,2024-11-29 21:32:00
M000830,Transportation Merchant 00830,Transportation,Yogyakarta,ACTIVE,SMALL,2024-08-22 07:35:05
M000831,Entertainment Merchant 00831,Entertainment,Makassar,ACTIVE,SMALL,2022-08-04 11:10:40
M000832,Food & Beverage Merchant 00832,Food & Beverage,Bandung,ACTIVE,MEDIUM,2025-02-06 22:16:10
M000833,Travel Merchant 00833,Travel,Jakarta,ACTIVE,SMALL,2023-05-01 19:58:24
M000834,Transportation Merchant 00834,Transportation,Bandung,ACTIVE,MEDIUM,2024-02-20 15:26:47
M000835,Electronics Merchant 00835,Electronics,Yogyakarta,ACTIVE,SMALL,2023-05-11 10:28:16
M000836,Education Merchant 00836,Education,Denpasar,ACTIVE,SMALL,2025-08-12 22:39:21
M000837,Healthcare Merchant 00837,Healthcare,Yogyakarta,ACTIVE,SMALL,2025-09-24 18:39:52
M000838,Education Merchant 00838,Education,Tangerang,ACTIVE,SMALL,2024-06-30 17:56:56
M000839,Transportation Merchant 00839,Transportation,Yogyakarta,ACTIVE,SMALL,2026-04-08 09:29:57
M000840,Transportation Merchant 00840,Transportation,Surabaya,ACTIVE,SMALL,2024-01-23 02:39:53
M000841,Travel Merchant 00841,Travel,Semarang,ACTIVE,MEDIUM,2022-04-19 01:31:54
M000842,Retail Merchant 00842,Retail,Yogyakarta,ACTIVE,SMALL,2026-06-13 15:50:11
M000843,Healthcare Merchant 00843,Healthcare,Medan,ACTIVE,SMALL,2026-04-26 10:53:53
M000844,Travel Merchant 00844,Travel,Tangerang,ACTIVE,SMALL,2022-09-23 07:17:52
M000845,Electronics Merchant 00845,Electronics,Denpasar,ACTIVE,SMALL,2022-01-06 05:14:06
M000846,Retail Merchant 00846,Retail,Semarang,ACTIVE,SMALL,2022-04-14 05:49:19
M000847,Retail Merchant 00847,Retail,Palembang,ACTIVE,SMALL,2025-03-27 21:03:58
M000848,Food & Beverage Merchant 00848,Food & Beverage,Surabaya,ACTIVE,LARGE,2025-12-30 01:10:03
M000849,Transportation Merchant 00849,Transportation,Tangerang,ACTIVE,SMALL,2026-01-20 01:00:57
M000850,Entertainment Merchant 00850,Entertainment,Yogyakarta,ACTIVE,SMALL,2023-02-07 00:40:58
M000851,Electronics Merchant 00851,Electronics,Medan,ACTIVE,SMALL,2025-12-05 00:23:06
M000852,Entertainment Merchant 00852,Entertainment,Yogyakarta,ACTIVE,SMALL,2022-10-04 23:44:17
M000853,Groceries Merchant 00853,Groceries,Makassar,ACTIVE,SMALL,2024-05-20 12:18:44
M000854,Electronics Merchant 00854,Electronics,Palembang,ACTIVE,SMALL,2022-03-31 12:31:42
M000855,Transportation Merchant 00855,Transportation,Surabaya,ACTIVE,SMALL,2023-07-01 01:01:59
M000856,Transportation Merchant 00856,Transportation,Tangerang,ACTIVE,SMALL,2024-04-02 17:29:33
M000857,Travel Merchant 00857,Travel,Yogyakarta,ACTIVE,SMALL,2025-06-30 15:37:00
M000858,Fashion Merchant 00858,Fashion,Denpasar,ACTIVE,SMALL,2024-08-06 02:10:36
M000859,Groceries Merchant 00859,Groceries,Medan,ACTIVE,SMALL,2023-10-24 16:01:18
M000860,Groceries Merchant 00860,Groceries,Semarang,INACTIVE,SMALL,2026-03-09 19:49:08
M000861,Travel Merchant 00861,Travel,Surabaya,ACTIVE,SMALL,2023-05-27 15:33:22
M000862,Transportation Merchant 00862,Transportation,Medan,ACTIVE,SMALL,2022-09-27 12:03:09
M000863,Entertainment Merchant 00863,Entertainment,Jakarta,ACTIVE,SMALL,2023-03-06 11:47:09
M000864,Retail Merchant 00864,Retail,Palembang,ACTIVE,MEDIUM,2025-05-07 08:11:47
M000865,Travel Merchant 00865,Travel,Semarang,INACTIVE,SMALL,2025-06-05 18:25:52
M000866,Food & Beverage Merchant 00866,Food & Beverage,Makassar,ACTIVE,MEDIUM,2025-06-09 19:13:09
M000867,Travel Merchant 00867,Travel,Surabaya,ACTIVE,SMALL,2025-05-15 20:13:31
M000868,Entertainment Merchant 00868,Entertainment,Makassar,ACTIVE,SMALL,2025-10-23 06:40:20
M000869,Healthcare Merchant 00869,Healthcare,Yogyakarta,ACTIVE,SMALL,2022-03-25 20:30:03
M000870,Electronics Merchant 00870,Electronics,Surabaya,ACTIVE,SMALL,2025-01-18 21:22:25
M000871,Retail Merchant 00871,Retail,Yogyakarta,ACTIVE,SMALL,2025-04-02 22:33:28
M000872,Transportation Merchant 00872,Transportation,Semarang,ACTIVE,SMALL,2022-10-22 10:23:27
M000873,Electronics Merchant 00873,Electronics,Bandung,ACTIVE,MEDIUM,2023-11-23 03:05:25
M000874,Healthcare Merchant 00874,Healthcare,Palembang,ACTIVE,SMALL,2023-05-01 02:54:06
M000875,Groceries Merchant 00875,Groceries,Makassar,ACTIVE,MEDIUM,2022-05-27 03:46:32
M000876,Groceries Merchant 00876,Groceries,Bandung,ACTIVE,SMALL,2025-05-02 16:15:54
M000877,Entertainment Merchant 00877,Entertainment,Denpasar,ACTIVE,SMALL,2025-10-06 15:02:36
M000878,Food & Beverage Merchant 00878,Food & Beverage,Semarang,ACTIVE,SMALL,2025-09-16 01:30:05
M000879,Food & Beverage Merchant 00879,Food & Beverage,Semarang,ACTIVE,MEDIUM,2024-07-11 22:26:52
M000880,Entertainment Merchant 00880,Entertainment,Bandung,ACTIVE,SMALL,2023-04-03 03:22:53
M000881,Groceries Merchant 00881,Groceries,Yogyakarta,ACTIVE,SMALL,2024-06-15 17:12:30
M000882,Education Merchant 00882,Education,Surabaya,ACTIVE,MEDIUM,2024-09-05 23:38:56
M000883,Retail Merchant 00883,Retail,Yogyakarta,ACTIVE,SMALL,2025-08-05 08:34:51
M000884,Entertainment Merchant 00884,Entertainment,Yogyakarta,ACTIVE,SMALL,2022-06-20 06:31:36
M000885,Transportation Merchant 00885,Transportation,Jakarta,ACTIVE,MEDIUM,2024-07-11 10:06:56
M000886,Fashion Merchant 00886,Fashion,Surabaya,ACTIVE,SMALL,2022-03-26 02:27:26
M000887,Fashion Merchant 00887,Fashion,Yogyakarta,ACTIVE,SMALL,2024-08-07 09:25:34
M000888,Food & Beverage Merchant 00888,Food & Beverage,Makassar,ACTIVE,SMALL,2025-04-17 06:07:53
M000889,Retail Merchant 00889,Retail,Medan,ACTIVE,SMALL,2023-11-08 23:54:21
M000890,Electronics Merchant 00890,Electronics,Medan,ACTIVE,SMALL,2026-02-02 08:45:58
M000891,Entertainment Merchant 00891,Entertainment,Denpasar,ACTIVE,MEDIUM,2025-12-07 00:33:23
M000892,Education Merchant 00892,Education,Tangerang,ACTIVE,SMALL,2025-03-14 23:00:39
M000893,Fashion Merchant 00893,Fashion,Denpasar,ACTIVE,SMALL,2023-11-28 18:06:19
M000894,Groceries Merchant 00894,Groceries,Semarang,ACTIVE,SMALL,2026-02-05 00:09:19
M000895,Entertainment Merchant 00895,Entertainment,Surabaya,ACTIVE,SMALL,2023-07-02 13:35:18
M000896,Electronics Merchant 00896,Electronics,Semarang,ACTIVE,SMALL,2026-02-08 15:26:21
M000897,Groceries Merchant 00897,Groceries,Palembang,SUSPENDED,LARGE,2022-08-13 01:54:15
M000898,Education Merchant 00898,Education,Bandung,ACTIVE,SMALL,2026-03-08 05:57:54
M000899,Electronics Merchant 00899,Electronics,Surabaya,ACTIVE,SMALL,2023-02-20 03:54:48
M000900,Retail Merchant 00900,Retail,Surabaya,ACTIVE,SMALL,2025-08-18 14:09:06
M000901,Travel Merchant 00901,Travel,Tangerang,ACTIVE,SMALL,2024-05-18 15:31:38
M000902,Fashion Merchant 00902,Fashion,Tangerang,ACTIVE,MEDIUM,2025-12-05 00:59:43
M000903,Electronics Merchant 00903,Electronics,Bandung,ACTIVE,MEDIUM,2024-06-09 08:07:36
M000904,Food & Beverage Merchant 00904,Food & Beverage,Yogyakarta,ACTIVE,MEDIUM,2024-08-26 04:54:53
M000905,Groceries Merchant 00905,Groceries,Denpasar,ACTIVE,SMALL,2023-01-14 08:26:10
M000906,Education Merchant 00906,Education,Bandung,ACTIVE,SMALL,2024-12-14 01:10:45
M000907,Entertainment Merchant 00907,Entertainment,Jakarta,INACTIVE,MEDIUM,2022-02-03 04:56:37
M000908,Fashion Merchant 00908,Fashion,Medan,ACTIVE,SMALL,2025-08-14 15:20:49
M000909,Healthcare Merchant 00909,Healthcare,Palembang,ACTIVE,MEDIUM,2023-03-21 21:50:47
M000910,Electronics Merchant 00910,Electronics,Semarang,ACTIVE,SMALL,2025-05-05 06:05:06
M000911,Retail Merchant 00911,Retail,Jakarta,ACTIVE,MEDIUM,2026-06-06 13:21:27
M000912,Groceries Merchant 00912,Groceries,Semarang,ACTIVE,MEDIUM,2025-03-21 17:34:09
M000913,Retail Merchant 00913,Retail,Yogyakarta,ACTIVE,SMALL,2025-11-30 14:55:28
M000914,Education Merchant 00914,Education,Tangerang,ACTIVE,SMALL,2024-12-15 09:05:27
M000915,Electronics Merchant 00915,Electronics,Yogyakarta,ACTIVE,MEDIUM,2023-08-27 10:55:36
M000916,Retail Merchant 00916,Retail,Surabaya,ACTIVE,SMALL,2024-09-11 16:11:11
M000917,Healthcare Merchant 00917,Healthcare,Semarang,ACTIVE,SMALL,2022-03-21 13:56:50
M000918,Healthcare Merchant 00918,Healthcare,Surabaya,ACTIVE,SMALL,2022-12-11 09:19:16
M000919,Food & Beverage Merchant 00919,Food & Beverage,Denpasar,ACTIVE,SMALL,2026-04-10 16:04:55
M000920,Education Merchant 00920,Education,Semarang,ACTIVE,SMALL,2026-04-07 02:04:28
M000921,Fashion Merchant 00921,Fashion,Jakarta,ACTIVE,LARGE,2025-12-14 08:54:19
M000922,Education Merchant 00922,Education,Tangerang,SUSPENDED,SMALL,2022-12-19 21:35:15
M000923,Groceries Merchant 00923,Groceries,Jakarta,ACTIVE,SMALL,2025-03-12 02:27:39
M000924,Transportation Merchant 00924,Transportation,Medan,ACTIVE,SMALL,2023-04-15 00:08:44
M000925,Groceries Merchant 00925,Groceries,Denpasar,SUSPENDED,SMALL,2025-03-27 12:32:37
M000926,Education Merchant 00926,Education,Makassar,ACTIVE,LARGE,2022-04-05 04:04:41
M000927,Electronics Merchant 00927,Electronics,Bandung,ACTIVE,SMALL,2024-01-29 10:28:10
M000928,Fashion Merchant 00928,Fashion,Palembang,ACTIVE,SMALL,2023-10-10 12:56:45
M000929,Education Merchant 00929,Education,Surabaya,ACTIVE,MEDIUM,2024-10-25 13:01:24
M000930,Healthcare Merchant 00930,Healthcare,Semarang,ACTIVE,MEDIUM,2023-09-19 13:14:15
M000931,Healthcare Merchant 00931,Healthcare,Bandung,ACTIVE,MEDIUM,2023-12-03 17:16:56
M000932,Travel Merchant 00932,Travel,Jakarta,ACTIVE,SMALL,2023-05-21 10:27:21
M000933,Healthcare Merchant 00933,Healthcare,Palembang,ACTIVE,SMALL,2024-08-25 12:52:24
M000934,Transportation Merchant 00934,Transportation,Palembang,ACTIVE,LARGE,2025-07-15 04:54:31
M000935,Travel Merchant 00935,Travel,Makassar,ACTIVE,MEDIUM,2025-01-04 21:35:45
M000936,Entertainment Merchant 00936,Entertainment,Jakarta,ACTIVE,MEDIUM,2023-03-05 14:05:04
M000937,Food & Beverage Merchant 00937,Food & Beverage,Jakarta,INACTIVE,SMALL,2024-11-20 22:06:28
M000938,Healthcare Merchant 00938,Healthcare,Bandung,ACTIVE,SMALL,2024-05-12 07:56:03
M000939,Education Merchant 00939,Education,Yogyakarta,ACTIVE,SMALL,2022-03-10 02:46:32
M000940,Food & Beverage Merchant 00940,Food & Beverage,Makassar,ACTIVE,MEDIUM,2025-06-19 19:57:23
M000941,Food & Beverage Merchant 00941,Food & Beverage,Tangerang,ACTIVE,SMALL,2026-05-15 10:08:03
M000942,Travel Merchant 00942,Travel,Surabaya,ACTIVE,SMALL,2024-09-07 21:43:32
M000943,Transportation Merchant 00943,Transportation,Tangerang,ACTIVE,SMALL,2024-03-22 00:13:45
M000944,Retail Merchant 00944,Retail,Makassar,ACTIVE,SMALL,2026-04-15 13:36:46
M000945,Electronics Merchant 00945,Electronics,Medan,ACTIVE,SMALL,2026-06-24 21:16:59
M000946,Groceries Merchant 00946,Groceries,Makassar,ACTIVE,SMALL,2023-05-22 15:45:18
M000947,Food & Beverage Merchant 00947,Food & Beverage,Surabaya,INACTIVE,SMALL,2026-02-28 14:55:01
M000948,Retail Merchant 00948,Retail,Yogyakarta,INACTIVE,MEDIUM,2022-12-11 00:53:03
M000949,Education Merchant 00949,Education,Jakarta,ACTIVE,SMALL,2025-04-28 04:18:53
M000950,Electronics Merchant 00950,Electronics,Tangerang,ACTIVE,MEDIUM,2023-05-15 07:14:11
M000951,Electronics Merchant 00951,Electronics,Bandung,ACTIVE,SMALL,2023-07-20 06:49:22
M000952,Travel Merchant 00952,Travel,Palembang,ACTIVE,SMALL,2024-03-10 10:16:34
M000953,Healthcare Merchant 00953,Healthcare,Yogyakarta,ACTIVE,SMALL,2025-05-08 16:02:14
M000954,Fashion Merchant 00954,Fashion,Palembang,ACTIVE,MEDIUM,2022-10-21 14:11:58
M000955,Healthcare Merchant 00955,Healthcare,Semarang,ACTIVE,SMALL,2022-12-09 23:13:49
M000956,Education Merchant 00956,Education,Bandung,ACTIVE,SMALL,2023-08-08 05:13:37
M000957,Healthcare Merchant 00957,Healthcare,Medan,ACTIVE,MEDIUM,2022-08-03 04:47:24
M000958,Transportation Merchant 00958,Transportation,Yogyakarta,ACTIVE,SMALL,2023-11-16 19:39:41
M000959,Entertainment Merchant 00959,Entertainment,Semarang,INACTIVE,MEDIUM,2025-04-22 09:40:36
M000960,Entertainment Merchant 00960,Entertainment,Denpasar,ACTIVE,SMALL,2023-09-04 04:32:14
M000961,Transportation Merchant 00961,Transportation,Jakarta,ACTIVE,MEDIUM,2024-05-26 01:48:08
M000962,Entertainment Merchant 00962,Entertainment,Surabaya,ACTIVE,SMALL,2023-12-25 05:21:21
M000963,Fashion Merchant 00963,Fashion,Palembang,ACTIVE,SMALL,2025-08-29 15:20:30
M000964,Healthcare Merchant 00964,Healthcare,Yogyakarta,ACTIVE,SMALL,2024-04-13 09:37:48
M000965,Retail Merchant 00965,Retail,Bandung,ACTIVE,SMALL,2025-09-11 03:37:00
M000966,Healthcare Merchant 00966,Healthcare,Yogyakarta,INACTIVE,LARGE,2024-10-19 10:40:43
M000967,Education Merchant 00967,Education,Jakarta,ACTIVE,SMALL,2022-08-28 14:20:54
M000968,Entertainment Merchant 00968,Entertainment,Jakarta,ACTIVE,SMALL,2025-04-04 14:18:05
M000969,Fashion Merchant 00969,Fashion,Palembang,ACTIVE,SMALL,2025-02-23 17:46:23
M000970,Education Merchant 00970,Education,Yogyakarta,ACTIVE,LARGE,2026-03-13 21:50:27
M000971,Retail Merchant 00971,Retail,Denpasar,ACTIVE,SMALL,2022-03-27 07:53:57
M000972,Travel Merchant 00972,Travel,Yogyakarta,ACTIVE,MEDIUM,2023-05-05 13:49:05
M000973,Entertainment Merchant 00973,Entertainment,Denpasar,ACTIVE,MEDIUM,2022-10-26 01:01:01
M000974,Food & Beverage Merchant 00974,Food & Beverage,Denpasar,ACTIVE,MEDIUM,2023-12-08 21:11:47
M000975,Electronics Merchant 00975,Electronics,Jakarta,ACTIVE,SMALL,2024-06-27 08:15:17
M000976,Fashion Merchant 00976,Fashion,Tangerang,ACTIVE,SMALL,2023-04-10 06:31:02
M000977,Groceries Merchant 00977,Groceries,Denpasar,ACTIVE,SMALL,2026-03-28 06:59:31
M000978,Food & Beverage Merchant 00978,Food & Beverage,Bandung,ACTIVE,SMALL,2023-09-21 13:33:23
M000979,Travel Merchant 00979,Travel,Tangerang,ACTIVE,MEDIUM,2025-08-20 17:06:47
M000980,Education Merchant 00980,Education,Makassar,ACTIVE,SMALL,2024-08-04 22:09:03
M000981,Retail Merchant 00981,Retail,Denpasar,ACTIVE,SMALL,2023-04-19 19:13:13
M000982,Healthcare Merchant 00982,Healthcare,Yogyakarta,ACTIVE,SMALL,2024-06-26 16:40:22
M000983,Electronics Merchant 00983,Electronics,Tangerang,ACTIVE,SMALL,2024-09-03 12:34:21
M000984,Entertainment Merchant 00984,Entertainment,Medan,INACTIVE,SMALL,2026-07-23 01:09:59
M000985,Electronics Merchant 00985,Electronics,Semarang,ACTIVE,SMALL,2025-08-09 10:30:01
M000986,Transportation Merchant 00986,Transportation,Palembang,ACTIVE,SMALL,2024-07-31 09:35:20
M000987,Education Merchant 00987,Education,Palembang,ACTIVE,MEDIUM,2022-03-12 01:31:04
M000988,Retail Merchant 00988,Retail,Semarang,ACTIVE,SMALL,2024-04-30 03:13:11
M000989,Fashion Merchant 00989,Fashion,Tangerang,ACTIVE,SMALL,2025-03-07 13:08:04
M000990,Healthcare Merchant 00990,Healthcare,Denpasar,ACTIVE,SMALL,2025-01-03 20:43:52
M000991,Electronics Merchant 00991,Electronics,Bandung,ACTIVE,SMALL,2023-09-05 01:46:58
M000992,Education Merchant 00992,Education,Denpasar,ACTIVE,MEDIUM,2024-11-29 13:32:10
M000993,Groceries Merchant 00993,Groceries,Palembang,ACTIVE,SMALL,2025-12-27 13:48:37
M000994,Healthcare Merchant 00994,Healthcare,Yogyakarta,ACTIVE,SMALL,2022-09-07 20:06:49
M000995,Transportation Merchant 00995,Transportation,Jakarta,ACTIVE,SMALL,2022-09-18 13:15:03
M000996,Transportation Merchant 00996,Transportation,Surabaya,ACTIVE,SMALL,2023-01-24 17:26:11
M000997,Education Merchant 00997,Education,Medan,ACTIVE,MEDIUM,2026-02-03 14:12:09
M000998,Education Merchant 00998,Education,Tangerang,ACTIVE,SMALL,2022-10-08 12:11:15
M000999,Travel Merchant 00999,Travel,Denpasar,INACTIVE,MEDIUM,2024-06-01 13:13:49
M001000,Travel Merchant 01000,Travel,Denpasar,ACTIVE,SMALL,2023-10-03 11:06:39
